                                                    --建立表格: TABLE TEST--
----------------------------------------------------------------------------------------------------------------------------
DROP TABLE FRONT_INFORM;        --前台通知

DROP TABLE RES_DETAIL;          --訂位明細
DROP TABLE SEAT;                --桌位
DROP TABLE SEAT_OBJ;            --桌位編輯物件
DROP TABLE RES_ORDER;           --訂位訂單
DROP TABLE REST_DAY;            --店休日
DROP TABLE TIME_PERI;           --用餐時段

DROP TABLE MEAL_PART;           --餐點組成
DROP TABLE FOOD;                --食材

DROP TABLE REPORT_APPRAISE;     --評價檢舉
DROP TABLE MEMBER_REVIEW;       --會員評價

DROP TABLE MEAL_SET_CONSIST;    --套餐組成
DROP TABLE MEAL_ORDER_DETAIL;   --訂餐明細
DROP TABLE MEAL_SET;            --套餐
DROP TABLE MEAL;                --餐點
DROP TABLE MEAL_CATEGORY;       --餐點種類
DROP TABLE MEAL_ORDER;          --訂餐訂單
DROP TABLE WAIT_SEAT;           --候位

DROP TABLE BONUS_ORDER_DETAIL;  --紅利商品訂單明細
DROP TABLE BONUS_ORDER;         --紅利商品訂單
DROP TABLE BONUS;               --紅利商品

DROP TABLE NEWS;                --最新消息
DROP TABLE MESSAGE_RECORD;      --通訊訊息紀錄
DROP TABLE AD;                  --廣告
DROP TABLE INFORM_SET;          --通知設定
DROP TABLE EMP_AUTH;            --員工權限列表
DROP TABLE FUN_AUTH;            --功能權限
DROP TABLE EMPLOYEE;            --員工

DROP TABLE MEMBER_TABLE;        --會員

DROP SEQUENCE SEQ_REST_DAY_NO;
DROP SEQUENCE SEQ_SEAT_OBJ_NO;
DROP SEQUENCE SEQ_SEAT_NO;
DROP SEQUENCE SEQ_RES_DE_NO;
DROP SEQUENCE SEQ_RES_NO;
DROP SEQUENCE SEQ_TIME_PERI_NO;
DROP SEQUENCE SEQ_MEAL_ORDER_NO;
DROP SEQUENCE SEQ_MEAL_ORDER_DETAIL_NO;
DROP SEQUENCE SEQ_MEAL_SET_NO;
DROP SEQUENCE SEQ_MEAL_NO;
DROP SEQUENCE SEQ_BO_NO;
DROP SEQUENCE SEQ_BNS_NO;
DROP SEQUENCE SEQ_NEWS_NO;
DROP SEQUENCE SEQ_INFO_NO;
DROP SEQUENCE SEQ_MSG_NO;
DROP SEQUENCE SEQ_AD_NO;
DROP SEQUENCE SEQ_IS_NO;
DROP SEQUENCE SEQ_MEM_NO;
DROP SEQUENCE SEQ_EMP_NO;
DROP SEQUENCE SEQ_FUN_NO;
DROP SEQUENCE SEQ_REVIEW_NO;
DROP SEQUENCE SEQ_REPORT_NO;
DROP SEQUENCE SEQ_FD_NO;
DROP SEQUENCE SEQ_CAT_NO;
DROP SEQUENCE SEQ_WAIT_SEAT_NO;

--會員--------------------------------------------------------------------------------------------------------------------------
CREATE TABLE MEMBER_TABLE (
    MEM_NO VARCHAR2(40) NOT NULL,
    MEM_NAME VARCHAR2(40) NOT NULL,
    MEM_ACT VARCHAR2(20) NOT NULL,
    MEM_PSW VARCHAR2(20) NOT NULL,
    MEM_GEN CHAR(10),
    MEM_BIR DATE,
    MEM_TEL VARCHAR2(40) NOT NULL,
    MEM_ADRS VARCHAR2(200),
    MEM_MAIL VARCHAR2(50) NOT NULL,
    MEM_BNS NUMBER(10) DEFAULT(0),
    MEM_OD_M NUMBER(1) DEFAULT(1) NOT NULL,
    MEM_OD_R NUMBER(1) DEFAULT(1) NOT NULL,
    MEM_REVIEW NUMBER(1) DEFAULT(1) NOT NULL,
    MEM_REPO NUMBER(1) DEFAULT(1) NOT NULL,
    MEM_STS NUMBER(1) DEFAULT(1) NOT NULL
);

INSERT INTO MEMBER_TABLE (MEM_NO,MEM_NAME,MEM_ACT,MEM_PSW,MEM_GEN,MEM_BIR,MEM_TEL,MEM_ADRS,MEM_MAIL,MEM_BNS,MEM_OD_M,MEM_OD_R,MEM_REVIEW,MEM_REPO,MEM_STS) VALUES ('MEM0001','陳瑞龍','AYEQE5CZVA','5PPIXTQ5CT','男',TO_DATE('25-JUL-86','DD-MON-RR'),'02-14172439','基隆市','VJY8JRCICL@YAHOO.COM.TW',78168,1,1,1,1,1);
INSERT INTO MEMBER_TABLE (MEM_NO,MEM_NAME,MEM_ACT,MEM_PSW,MEM_GEN,MEM_BIR,MEM_TEL,MEM_ADRS,MEM_MAIL,MEM_BNS,MEM_OD_M,MEM_OD_R,MEM_REVIEW,MEM_REPO,MEM_STS) VALUES ('MEM0002','王靖芳','V7YAAILDFF','KW3OLAGO5N','女',TO_DATE('21-JAN-85','DD-MON-RR'),'02-47446927','台北市','DCQUYUMDWL@YAHOO.COM.TW',10981,1,1,1,1,1);
INSERT INTO MEMBER_TABLE (MEM_NO,MEM_NAME,MEM_ACT,MEM_PSW,MEM_GEN,MEM_BIR,MEM_TEL,MEM_ADRS,MEM_MAIL,MEM_BNS,MEM_OD_M,MEM_OD_R,MEM_REVIEW,MEM_REPO,MEM_STS) VALUES ('MEM0003','楊宇臣','HDDMQOUNXW','TSUBTG0JXL','男',TO_DATE('07-JAN-88','DD-MON-RR'),'02-41351282','新北市','DLDU9SHYBW@GMAIL.COM',18317,1,1,1,1,1);
INSERT INTO MEMBER_TABLE (MEM_NO,MEM_NAME,MEM_ACT,MEM_PSW,MEM_GEN,MEM_BIR,MEM_TEL,MEM_ADRS,MEM_MAIL,MEM_BNS,MEM_OD_M,MEM_OD_R,MEM_REVIEW,MEM_REPO,MEM_STS) VALUES ('MEM0004','林政旭','XPT1G3NWSB','74TOB3Z3KC','男',TO_DATE('23-OCT-89','DD-MON-RR'),'03-22099767','桃園市','QNVEWTBVYA@YAHOO.COM.TW',31747,1,1,1,1,1);
INSERT INTO MEMBER_TABLE (MEM_NO,MEM_NAME,MEM_ACT,MEM_PSW,MEM_GEN,MEM_BIR,MEM_TEL,MEM_ADRS,MEM_MAIL,MEM_BNS,MEM_OD_M,MEM_OD_R,MEM_REVIEW,MEM_REPO,MEM_STS) VALUES ('MEM0005','李承璋','HYQCYSBBDJ','JPOK6VAIZ3','男',TO_DATE('07-SEP-94','DD-MON-RR'),'03-63076901','新竹市','3LQOLUSPLH@GMAIL.COM',28161,1,0,1,1,1);
INSERT INTO MEMBER_TABLE (MEM_NO,MEM_NAME,MEM_ACT,MEM_PSW,MEM_GEN,MEM_BIR,MEM_TEL,MEM_ADRS,MEM_MAIL,MEM_BNS,MEM_OD_M,MEM_OD_R,MEM_REVIEW,MEM_REPO,MEM_STS) VALUES ('MEM0006','夏孟勤','GBUBVHYCRF','LJQTMMWZCL','女',TO_DATE('17-AUG-92','DD-MON-RR'),'03-21580611','新竹縣','TKO2BVFUO4@GMAIL.COM',21473,1,0,1,1,1);
INSERT INTO MEMBER_TABLE (MEM_NO,MEM_NAME,MEM_ACT,MEM_PSW,MEM_GEN,MEM_BIR,MEM_TEL,MEM_ADRS,MEM_MAIL,MEM_BNS,MEM_OD_M,MEM_OD_R,MEM_REVIEW,MEM_REPO,MEM_STS) VALUES ('MEM0007','郭逸洪','0000','0000','男',TO_DATE('09-MAY-91','DD-MON-RR'),'037-45004551','苗栗縣','CMD8GQZNYL@GMAIL.COM',252,1,1,1,1,1);
INSERT INTO MEMBER_TABLE (MEM_NO,MEM_NAME,MEM_ACT,MEM_PSW,MEM_GEN,MEM_BIR,MEM_TEL,MEM_ADRS,MEM_MAIL,MEM_BNS,MEM_OD_M,MEM_OD_R,MEM_REVIEW,MEM_REPO,MEM_STS) VALUES ('MEM0008','張繼元','0000','0000','男',TO_DATE('16-APR-92','DD-MON-RR'),'04-99168489','台中市','PFLZEIKDSN@YAHOO.COM.TW',27044,0,0,0,0,0);
INSERT INTO MEMBER_TABLE (MEM_NO,MEM_NAME,MEM_ACT,MEM_PSW,MEM_GEN,MEM_BIR,MEM_TEL,MEM_ADRS,MEM_MAIL,MEM_BNS,MEM_OD_M,MEM_OD_R,MEM_REVIEW,MEM_REPO,MEM_STS) VALUES ('MEM0009','涂書凱','0000','0000','男',TO_DATE('21-OCT-88','DD-MON-RR'),'04-05459037','彰化縣','VDZBUSF4II@GMAIL.COM',3578,1,1,1,1,1);
INSERT INTO MEMBER_TABLE (MEM_NO,MEM_NAME,MEM_ACT,MEM_PSW,MEM_GEN,MEM_BIR,MEM_TEL,MEM_ADRS,MEM_MAIL,MEM_BNS,MEM_OD_M,MEM_OD_R,MEM_REVIEW,MEM_REPO,MEM_STS) VALUES ('MEM0010','張太一','12345','67890','男',TO_DATE('28-OCT-93','DD-MON-RR'),'049-78087955','南投縣','WIOYTAVTPJ@YAHOO.COM.TW',32776,1,1,1,1,1);
INSERT INTO MEMBER_TABLE (MEM_NO,MEM_NAME,MEM_ACT,MEM_PSW,MEM_GEN,MEM_BIR,MEM_TEL,MEM_ADRS,MEM_MAIL,MEM_BNS,MEM_OD_M,MEM_OD_R,MEM_REVIEW,MEM_REPO,MEM_STS) VALUES ('MEM0011','王稚穎','0000','0000','男',TO_DATE('28-JAN-88','DD-MON-RR'),'05-68830166','雲林縣','ZFQIWFHXY4@GMAIL.COM',76803,1,0,1,1,1);
INSERT INTO MEMBER_TABLE (MEM_NO,MEM_NAME,MEM_ACT,MEM_PSW,MEM_GEN,MEM_BIR,MEM_TEL,MEM_ADRS,MEM_MAIL,MEM_BNS,MEM_OD_M,MEM_OD_R,MEM_REVIEW,MEM_REPO,MEM_STS) VALUES ('MEM0012','顏敬修','XQY0HOLBRS','MHXMVO5528','男',TO_DATE('05-MAY-96','DD-MON-RR'),'05-15107524','嘉義市','VO6KDPCYLB@GMAIL.COM',50389,0,1,1,1,1);
INSERT INTO MEMBER_TABLE (MEM_NO,MEM_NAME,MEM_ACT,MEM_PSW,MEM_GEN,MEM_BIR,MEM_TEL,MEM_ADRS,MEM_MAIL,MEM_BNS,MEM_OD_M,MEM_OD_R,MEM_REVIEW,MEM_REPO,MEM_STS) VALUES ('MEM0013','邱子驊','BXABN0PXHT','HDAYKJTYEG','男',TO_DATE('30-MAY-86','DD-MON-RR'),'05-43812137','嘉義縣','VUZM4ABFIR@YAHOO.COM.TW',30136,1,1,1,0,1);
INSERT INTO MEMBER_TABLE (MEM_NO,MEM_NAME,MEM_ACT,MEM_PSW,MEM_GEN,MEM_BIR,MEM_TEL,MEM_ADRS,MEM_MAIL,MEM_BNS,MEM_OD_M,MEM_OD_R,MEM_REVIEW,MEM_REPO,MEM_STS) VALUES ('MEM0014','林宛儒','K7W6B4LH8J','OCCQ4VSYDV','女',TO_DATE('21-AUG-86','DD-MON-RR'),'06-82004497','台南市','6XBSULGQLZ@YAHOO.COM.TW',35001,1,1,0,1,1);
INSERT INTO MEMBER_TABLE (MEM_NO,MEM_NAME,MEM_ACT,MEM_PSW,MEM_GEN,MEM_BIR,MEM_TEL,MEM_ADRS,MEM_MAIL,MEM_BNS,MEM_OD_M,MEM_OD_R,MEM_REVIEW,MEM_REPO,MEM_STS) VALUES ('MEM0015','顏敬家','ADF0TUL5ZP','SOMAYRD47T','男',TO_DATE('17-MAY-96','DD-MON-RR'),'07-13306873','高雄市','DGS7IXEIAC@GMAIL.COM',66686,0,0,1,1,1);
INSERT INTO MEMBER_TABLE (MEM_NO,MEM_NAME,MEM_ACT,MEM_PSW,MEM_GEN,MEM_BIR,MEM_TEL,MEM_ADRS,MEM_MAIL,MEM_BNS,MEM_OD_M,MEM_OD_R,MEM_REVIEW,MEM_REPO,MEM_STS) VALUES ('MEM0016','方于婷','YMUP3EQYEG','DWTJKCJRYS','女',TO_DATE('27-APR-92','DD-MON-RR'),'08-40661919','屏東縣','JVQIPGEJ0I@YAHOO.COM.TW',9919,1,0,0,1,1);
INSERT INTO MEMBER_TABLE (MEM_NO,MEM_NAME,MEM_ACT,MEM_PSW,MEM_GEN,MEM_BIR,MEM_TEL,MEM_ADRS,MEM_MAIL,MEM_BNS,MEM_OD_M,MEM_OD_R,MEM_REVIEW,MEM_REPO,MEM_STS) VALUES ('MEM0017','吳晋豪','REB9YMNLLP','ESU8N8WBRU','男',TO_DATE('23-AUG-89','DD-MON-RR'),'089-84431523','台東縣','XJRPN85PA0@YAHOO.COM.TW',89722,1,1,0,0,1);
INSERT INTO MEMBER_TABLE (MEM_NO,MEM_NAME,MEM_ACT,MEM_PSW,MEM_GEN,MEM_BIR,MEM_TEL,MEM_ADRS,MEM_MAIL,MEM_BNS,MEM_OD_M,MEM_OD_R,MEM_REVIEW,MEM_REPO,MEM_STS) VALUES ('MEM0018','翁強生','KFZ1LYSTUQ','KHUPXPS5EP','男',TO_DATE('05-JUL-94','DD-MON-RR'),'03-36056099','花蓮縣','EYTVRRRLMX@YAHOO.COM.TW',83008,1,0,1,0,1);
INSERT INTO MEMBER_TABLE (MEM_NO,MEM_NAME,MEM_ACT,MEM_PSW,MEM_GEN,MEM_BIR,MEM_TEL,MEM_ADRS,MEM_MAIL,MEM_BNS,MEM_OD_M,MEM_OD_R,MEM_REVIEW,MEM_REPO,MEM_STS) VALUES ('MEM0019','陳泓元','JHI5JINPWZ','8Z8MLAWN6K','男',TO_DATE('03-JUN-86','DD-MON-RR'),'03-77979945','宜蘭縣','QVBP2TJEWG@GMAIL.COM',40630,0,1,1,0,1);
INSERT INTO MEMBER_TABLE (MEM_NO,MEM_NAME,MEM_ACT,MEM_PSW,MEM_GEN,MEM_BIR,MEM_TEL,MEM_ADRS,MEM_MAIL,MEM_BNS,MEM_OD_M,MEM_OD_R,MEM_REVIEW,MEM_REPO,MEM_STS) VALUES ('MEM0020','江開玄','WRUW6RVP9Z','EX4KXYCHSC','男',TO_DATE('19-SEP-86','DD-MON-RR'),'02-91710453','台北市','BYUU8FBSJO@GMAIL.COM',13569,0,1,1,1,1);
INSERT INTO MEMBER_TABLE (MEM_NO,MEM_NAME,MEM_ACT,MEM_PSW,MEM_GEN,MEM_BIR,MEM_TEL,MEM_ADRS,MEM_MAIL,MEM_BNS,MEM_OD_M,MEM_OD_R,MEM_REVIEW,MEM_REPO,MEM_STS) VALUES ('MEM0021','許哲維','KVAN6YCIP5','UDM2C4NHIZ','男',TO_DATE('18-JUL-93','DD-MON-RR'),'02-10813156','新北市','LRHZYKKOV0@GMAIL.COM',36419,1,0,0,1,1);
INSERT INTO MEMBER_TABLE (MEM_NO,MEM_NAME,MEM_ACT,MEM_PSW,MEM_GEN,MEM_BIR,MEM_TEL,MEM_ADRS,MEM_MAIL,MEM_BNS,MEM_OD_M,MEM_OD_R,MEM_REVIEW,MEM_REPO,MEM_STS) VALUES ('MEM0022','郭大源','GBXBHJDS06','KKLQR9T7PF','男',TO_DATE('16-MAR-92','DD-MON-RR'),'03-05155902','桃園市','DZEYFL6ZGK@GMAIL.COM',88644,1,1,1,1,1);
INSERT INTO MEMBER_TABLE (MEM_NO,MEM_NAME,MEM_ACT,MEM_PSW,MEM_GEN,MEM_BIR,MEM_TEL,MEM_ADRS,MEM_MAIL,MEM_BNS,MEM_OD_M,MEM_OD_R,MEM_REVIEW,MEM_REPO,MEM_STS) VALUES ('MEM0023','郭詠茹','UZEQQDCYAR','OWBZKE1W50','女',TO_DATE('02-APR-96','DD-MON-RR'),'03-65276728','新竹市','XHIFEBYIB3@GMAIL.COM',35527,1,1,1,1,1);
INSERT INTO MEMBER_TABLE (MEM_NO,MEM_NAME,MEM_ACT,MEM_PSW,MEM_GEN,MEM_BIR,MEM_TEL,MEM_ADRS,MEM_MAIL,MEM_BNS,MEM_OD_M,MEM_OD_R,MEM_REVIEW,MEM_REPO,MEM_STS) VALUES ('MEM0024','紀維恩','NCQCBNZAID','9CYWNCMJOR','男',TO_DATE('05-MAY-89','DD-MON-RR'),'03-02177842','新竹縣','2IPUUKHSHG@GMAIL.COM',19591,1,1,1,1,1);
INSERT INTO MEMBER_TABLE (MEM_NO,MEM_NAME,MEM_ACT,MEM_PSW,MEM_GEN,MEM_BIR,MEM_TEL,MEM_ADRS,MEM_MAIL,MEM_BNS,MEM_OD_M,MEM_OD_R,MEM_REVIEW,MEM_REPO,MEM_STS) VALUES ('MEM0025','黃万洲','NLCHQMKCEN','QHJ3WVCW22','男',TO_DATE('02-SEP-92','DD-MON-RR'),'037-58640532','苗栗縣','VUTPX1IWBG@YAHOO.COM.TW',69503,1,1,1,1,1);
INSERT INTO MEMBER_TABLE (MEM_NO,MEM_NAME,MEM_ACT,MEM_PSW,MEM_GEN,MEM_BIR,MEM_TEL,MEM_ADRS,MEM_MAIL,MEM_BNS,MEM_OD_M,MEM_OD_R,MEM_REVIEW,MEM_REPO,MEM_STS) VALUES ('MEM0026','張宏智','YQOP6721UJ','FYNEPA3KQO','男',TO_DATE('24-AUG-92','DD-MON-RR'),'04-61594033','台中市','FPCYRRHZKE@GMAIL.COM',16601,1,0,0,0,1);
INSERT INTO MEMBER_TABLE (MEM_NO,MEM_NAME,MEM_ACT,MEM_PSW,MEM_GEN,MEM_BIR,MEM_TEL,MEM_ADRS,MEM_MAIL,MEM_BNS,MEM_OD_M,MEM_OD_R,MEM_REVIEW,MEM_REPO,MEM_STS) VALUES ('MEM0027','陳麒任','PNXSCJFTAN','8PAE6XWAPX','女',TO_DATE('12-AUG-89','DD-MON-RR'),'04-06837867','彰化縣','X7VQP3P081@GMAIL.COM',29213,0,0,1,0,1);
INSERT INTO MEMBER_TABLE (MEM_NO,MEM_NAME,MEM_ACT,MEM_PSW,MEM_GEN,MEM_BIR,MEM_TEL,MEM_ADRS,MEM_MAIL,MEM_BNS,MEM_OD_M,MEM_OD_R,MEM_REVIEW,MEM_REPO,MEM_STS) VALUES ('MEM0028','洪芳郁','BPKXQUZBCU','3AAWMEM0LHDB','女',TO_DATE('03-AUG-91','DD-MON-RR'),'049-24125105','南投縣','KSBRVFF7CM@YAHOO.COM.TW',48184,0,1,0,0,1);
INSERT INTO MEMBER_TABLE (MEM_NO,MEM_NAME,MEM_ACT,MEM_PSW,MEM_GEN,MEM_BIR,MEM_TEL,MEM_ADRS,MEM_MAIL,MEM_BNS,MEM_OD_M,MEM_OD_R,MEM_REVIEW,MEM_REPO,MEM_STS) VALUES ('MEM0029','吳柏誼','QX0G7LNJJT','HVHMBZONEK','男',TO_DATE('08-DEC-86','DD-MON-RR'),'05-25642936','雲林縣','FXDKBX5V6K@GMAIL.COM',23454,0,0,0,1,0);
INSERT INTO MEMBER_TABLE (MEM_NO,MEM_NAME,MEM_ACT,MEM_PSW,MEM_GEN,MEM_BIR,MEM_TEL,MEM_ADRS,MEM_MAIL,MEM_BNS,MEM_OD_M,MEM_OD_R,MEM_REVIEW,MEM_REPO,MEM_STS) VALUES ('MEM0030','蔡宗祐','VXF1TPONTU','YPTZX2DANU','男',TO_DATE('14-MAR-90','DD-MON-RR'),'05-86385107','嘉義市','CNMT9KYPNU@YAHOO.COM.TW',41311,0,0,1,0,1);
INSERT INTO MEMBER_TABLE (MEM_NO,MEM_NAME,MEM_ACT,MEM_PSW,MEM_GEN,MEM_BIR,MEM_TEL,MEM_ADRS,MEM_MAIL,MEM_BNS,MEM_OD_M,MEM_OD_R,MEM_REVIEW,MEM_REPO,MEM_STS) VALUES ('MEM0031','劉怡君','TQMZJJHHUP','NNFCIJI7BO','女',TO_DATE('07-DEC-92','DD-MON-RR'),'05-88010752','嘉義縣','EX7LZMEG4S@YAHOO.COM.TW',71094,0,1,0,0,1);
INSERT INTO MEMBER_TABLE (MEM_NO,MEM_NAME,MEM_ACT,MEM_PSW,MEM_GEN,MEM_BIR,MEM_TEL,MEM_ADRS,MEM_MAIL,MEM_BNS,MEM_OD_M,MEM_OD_R,MEM_REVIEW,MEM_REPO,MEM_STS) VALUES ('MEM0032','陳彥甫','VTEV4UNIRS','USV0BAJMEM0V','男',TO_DATE('24-OCT-92','DD-MON-RR'),'06-76115318','台南市','UZ0PPR2YLQ@GMAIL.COM',11917,1,0,0,0,1);
INSERT INTO MEMBER_TABLE (MEM_NO,MEM_NAME,MEM_ACT,MEM_PSW,MEM_GEN,MEM_BIR,MEM_TEL,MEM_ADRS,MEM_MAIL,MEM_BNS,MEM_OD_M,MEM_OD_R,MEM_REVIEW,MEM_REPO,MEM_STS) VALUES ('MEM0033','黃菱琦','OHLINWP2OQ','YQGHOBE9XF','女',TO_DATE('21-SEP-95','DD-MON-RR'),'07-69688703','高雄市','HVRHA4V67G@GMAIL.COM',36282,1,1,1,1,1);
INSERT INTO MEMBER_TABLE (MEM_NO,MEM_NAME,MEM_ACT,MEM_PSW,MEM_GEN,MEM_BIR,MEM_TEL,MEM_ADRS,MEM_MAIL,MEM_BNS,MEM_OD_M,MEM_OD_R,MEM_REVIEW,MEM_REPO,MEM_STS) VALUES ('MEM0034','鄭朝元','VPORMOTP26','BVRZAWICDQ','男',TO_DATE('15-OCT-96','DD-MON-RR'),'08-37130010','屏東縣','QMSDTYIZWW@GMAIL.COM',37961,1,1,1,0,1);
INSERT INTO MEMBER_TABLE (MEM_NO,MEM_NAME,MEM_ACT,MEM_PSW,MEM_GEN,MEM_BIR,MEM_TEL,MEM_ADRS,MEM_MAIL,MEM_BNS,MEM_OD_M,MEM_OD_R,MEM_REVIEW,MEM_REPO,MEM_STS) VALUES ('MEM0035','吳宜靜','PMW3SC6C2I','YQI1NATYIO','女',TO_DATE('01-FEB-94','DD-MON-RR'),'089-80153394','台東縣','0XDQAJJFDM@GMAIL.COM',71412,1,0,1,0,1);
INSERT INTO MEMBER_TABLE (MEM_NO,MEM_NAME,MEM_ACT,MEM_PSW,MEM_GEN,MEM_BIR,MEM_TEL,MEM_ADRS,MEM_MAIL,MEM_BNS,MEM_OD_M,MEM_OD_R,MEM_REVIEW,MEM_REPO,MEM_STS) VALUES ('MEM0036','程昕','5EPOLBUNNN','5PELASI8B6','男',TO_DATE('02-JAN-92','DD-MON-RR'),'03-00178221','花蓮縣','4OWW9RDGO0@YAHOO.COM.TW',15797,1,0,1,1,1);
INSERT INTO MEMBER_TABLE (MEM_NO,MEM_NAME,MEM_ACT,MEM_PSW,MEM_GEN,MEM_BIR,MEM_TEL,MEM_ADRS,MEM_MAIL,MEM_BNS,MEM_OD_M,MEM_OD_R,MEM_REVIEW,MEM_REPO,MEM_STS) VALUES ('MEM0037','何丞祐','0L5A8VZPEV','OP5XCB4X2I','男',TO_DATE('23-JAN-96','DD-MON-RR'),'02-28677417','基隆市','WSAO39IRFJ@GMAIL.COM',5748,1,1,0,1,1);
INSERT INTO MEMBER_TABLE (MEM_NO,MEM_NAME,MEM_ACT,MEM_PSW,MEM_GEN,MEM_BIR,MEM_TEL,MEM_ADRS,MEM_MAIL,MEM_BNS,MEM_OD_M,MEM_OD_R,MEM_REVIEW,MEM_REPO,MEM_STS) VALUES ('MEM0038','莊麒弘','IKYRT6MLKM','Y11I5GFXJJ','男',TO_DATE('26-APR-91','DD-MON-RR'),'02-92510061','台北市','IREQ2XF0XU@YAHOO.COM.TW',76685,1,1,1,1,1);
INSERT INTO MEMBER_TABLE (MEM_NO,MEM_NAME,MEM_ACT,MEM_PSW,MEM_GEN,MEM_BIR,MEM_TEL,MEM_ADRS,MEM_MAIL,MEM_BNS,MEM_OD_M,MEM_OD_R,MEM_REVIEW,MEM_REPO,MEM_STS) VALUES ('MEM0039','徐銓佑','KFPOR8UONC','HSODJV3RAP','男',TO_DATE('26-OCT-90','DD-MON-RR'),'02-01659896','新北市','W0ZESEDSKD@YAHOO.COM.TW',37280,1,1,1,1,1);
INSERT INTO MEMBER_TABLE (MEM_NO,MEM_NAME,MEM_ACT,MEM_PSW,MEM_GEN,MEM_BIR,MEM_TEL,MEM_ADRS,MEM_MAIL,MEM_BNS,MEM_OD_M,MEM_OD_R,MEM_REVIEW,MEM_REPO,MEM_STS) VALUES ('MEM0040','陳怡秀','BDM3ARHGVP','YTR7U9SURK','女',TO_DATE('28-FEB-88','DD-MON-RR'),'03-60955924','桃園市','HDIVIU2CQV@GMAIL.COM',65040,1,0,1,1,1);
INSERT INTO MEMBER_TABLE (MEM_NO,MEM_NAME,MEM_ACT,MEM_PSW,MEM_GEN,MEM_BIR,MEM_TEL,MEM_ADRS,MEM_MAIL,MEM_BNS,MEM_OD_M,MEM_OD_R,MEM_REVIEW,MEM_REPO,MEM_STS) VALUES ('MEM0041','林志達','2L28FXV0GG','6HNEQCPU4S','男',TO_DATE('11-JAN-96','DD-MON-RR'),'03-17220599','新竹市','3MQ2V2EKVI@YAHOO.COM.TW',80487,1,1,1,1,1);
INSERT INTO MEMBER_TABLE (MEM_NO,MEM_NAME,MEM_ACT,MEM_PSW,MEM_GEN,MEM_BIR,MEM_TEL,MEM_ADRS,MEM_MAIL,MEM_BNS,MEM_OD_M,MEM_OD_R,MEM_REVIEW,MEM_REPO,MEM_STS) VALUES ('MEM0042','邱顯鈞','B3RCBKFVN4','8HIJ1QU6XF','男',TO_DATE('30-APR-91','DD-MON-RR'),'03-88329851','新竹縣','OK3QZLEFBL@GMAIL.COM',78406,1,1,1,1,1);
INSERT INTO MEMBER_TABLE (MEM_NO,MEM_NAME,MEM_ACT,MEM_PSW,MEM_GEN,MEM_BIR,MEM_TEL,MEM_ADRS,MEM_MAIL,MEM_BNS,MEM_OD_M,MEM_OD_R,MEM_REVIEW,MEM_REPO,MEM_STS) VALUES ('MEM0043','陳念群','JSDQEQ2IHJ','HAMOYQAA9T','男',TO_DATE('30-DEC-94','DD-MON-RR'),'037-36129193','苗栗縣','GLXEYKULCA@YAHOO.COM.TW',37652,1,0,1,1,1);
INSERT INTO MEMBER_TABLE (MEM_NO,MEM_NAME,MEM_ACT,MEM_PSW,MEM_GEN,MEM_BIR,MEM_TEL,MEM_ADRS,MEM_MAIL,MEM_BNS,MEM_OD_M,MEM_OD_R,MEM_REVIEW,MEM_REPO,MEM_STS) VALUES ('MEM0044','王怡晴','4U30D3BNMH','7UWQRGYISC','女',TO_DATE('06-JUN-95','DD-MON-RR'),'04-24484890','台中市','NYO5NC92IP@YAHOO.COM.TW',31211,1,1,1,1,1);
INSERT INTO MEMBER_TABLE (MEM_NO,MEM_NAME,MEM_ACT,MEM_PSW,MEM_GEN,MEM_BIR,MEM_TEL,MEM_ADRS,MEM_MAIL,MEM_BNS,MEM_OD_M,MEM_OD_R,MEM_REVIEW,MEM_REPO,MEM_STS) VALUES ('MEM0045','陳冠瑋','YCBOBIXKIK','UCL40Q7LJG','男',TO_DATE('16-JUN-87','DD-MON-RR'),'04-68406499','彰化縣','JF5XG7JNL1@GMAIL.COM',16319,1,1,1,1,1);
INSERT INTO MEMBER_TABLE (MEM_NO,MEM_NAME,MEM_ACT,MEM_PSW,MEM_GEN,MEM_BIR,MEM_TEL,MEM_ADRS,MEM_MAIL,MEM_BNS,MEM_OD_M,MEM_OD_R,MEM_REVIEW,MEM_REPO,MEM_STS) VALUES ('MEM0046','傅遠勝','F1BBALTVE6','YPIJR6KVMQ','男',TO_DATE('27-DEC-95','DD-MON-RR'),'049-52389701','南投縣','UCL85NARFM@GMAIL.COM',6423,1,1,0,1,1);
INSERT INTO MEMBER_TABLE (MEM_NO,MEM_NAME,MEM_ACT,MEM_PSW,MEM_GEN,MEM_BIR,MEM_TEL,MEM_ADRS,MEM_MAIL,MEM_BNS,MEM_OD_M,MEM_OD_R,MEM_REVIEW,MEM_REPO,MEM_STS) VALUES ('MEM0047','鄭宇翔','NQYJ8WJ2XM','O5PTEOUNST','男',TO_DATE('02-NOV-91','DD-MON-RR'),'05-60230526','雲林縣','4TVBLCPPKQ@YAHOO.COM.TW',7137,1,1,1,1,1);
INSERT INTO MEMBER_TABLE (MEM_NO,MEM_NAME,MEM_ACT,MEM_PSW,MEM_GEN,MEM_BIR,MEM_TEL,MEM_ADRS,MEM_MAIL,MEM_BNS,MEM_OD_M,MEM_OD_R,MEM_REVIEW,MEM_REPO,MEM_STS) VALUES ('MEM0048','陳浩偉','F18IJCUKYT','LUIVB77MP8','男',TO_DATE('26-JAN-87','DD-MON-RR'),'05-19808836','嘉義市','GKYEF1P0J7@GMAIL.COM',16050,1,0,1,1,1);
INSERT INTO MEMBER_TABLE (MEM_NO,MEM_NAME,MEM_ACT,MEM_PSW,MEM_GEN,MEM_BIR,MEM_TEL,MEM_ADRS,MEM_MAIL,MEM_BNS,MEM_OD_M,MEM_OD_R,MEM_REVIEW,MEM_REPO,MEM_STS) VALUES ('MEM0049','曾乙涵','LUVO1IXPPW','XMMVYGS7QR','女',TO_DATE('06-OCT-91','DD-MON-RR'),'05-07953970','嘉義縣','P0IRTM93H6@GMAIL.COM',88690,0,0,0,0,0);
INSERT INTO MEMBER_TABLE (MEM_NO,MEM_NAME,MEM_ACT,MEM_PSW,MEM_GEN,MEM_BIR,MEM_TEL,MEM_ADRS,MEM_MAIL,MEM_BNS,MEM_OD_M,MEM_OD_R,MEM_REVIEW,MEM_REPO,MEM_STS) VALUES ('MEM0050','葉泓翔','WIVAIBKMSH','A7YIJMFDSP','男',TO_DATE('22-JAN-92','DD-MON-RR'),'06-39182501','台南市','GMVKFVUFXO@GMAIL.COM',82967,1,1,1,1,1);
--員工--------------------------------------------------------------------------------------------------------------------------
CREATE TABLE EMPLOYEE (
    EMP_NO VARCHAR2(40) NOT NULL,
    EMP_PSW VARCHAR2(20) NOT NULL,
    EMP_NAME VARCHAR2(40) NOT NULL,
    EMP_STS NUMBER(1) DEFAULT(1)
);

INSERT INTO EMPLOYEE (EMP_NO,EMP_PSW,EMP_NAME,EMP_STS) VALUES ('EMP0001','G7777','馮貽傑',1);
INSERT INTO EMPLOYEE (EMP_NO,EMP_PSW,EMP_NAME,EMP_STS) VALUES ('EMP0002','G7777','黃重閔',1);
INSERT INTO EMPLOYEE (EMP_NO,EMP_PSW,EMP_NAME,EMP_STS) VALUES ('EMP0003','G7777','杜佳諺',1);
INSERT INTO EMPLOYEE (EMP_NO,EMP_PSW,EMP_NAME,EMP_STS) VALUES ('EMP0004','G7777','劉育瑄',0);
INSERT INTO EMPLOYEE (EMP_NO,EMP_PSW,EMP_NAME,EMP_STS) VALUES ('EMP0005','G7777','楊介安',1);
INSERT INTO EMPLOYEE (EMP_NO,EMP_PSW,EMP_NAME,EMP_STS) VALUES ('EMP0006','G7777','尹修浚',1);
INSERT INTO EMPLOYEE (EMP_NO,EMP_PSW,EMP_NAME,EMP_STS) VALUES ('EMP0007','G7777','楊佳銘',1);
INSERT INTO EMPLOYEE (EMP_NO,EMP_PSW,EMP_NAME,EMP_STS) VALUES ('EMP0008','G4444','阮奕安',1);
INSERT INTO EMPLOYEE (EMP_NO,EMP_PSW,EMP_NAME,EMP_STS) VALUES ('EMP0009','G6666','詹詠祺',1);
INSERT INTO EMPLOYEE (EMP_NO,EMP_PSW,EMP_NAME,EMP_STS) VALUES ('EMP0010','G6666','卓宜潔',0);
--功能權限-----------------------------------------------------------------------------------------------------------------------
CREATE TABLE FUN_AUTH (
    FUN_NO VARCHAR2(40) NOT NULL,
    FUN_NAME VARCHAR2(60) NOT NULL,
    FUN_DES VARCHAR2(600) NOT NULL
);

INSERT INTO FUN_AUTH (FUN_NO, FUN_NAME, FUN_DES) VALUES ('FA0001', '員工管理', '可新增、修改、刪除員工資料，設定員工權限');
INSERT INTO FUN_AUTH (FUN_NO, FUN_NAME, FUN_DES) VALUES ('FA0002', '會員管理', '可查詢或修改會員資料，更改會員權限');
INSERT INTO FUN_AUTH (FUN_NO, FUN_NAME, FUN_DES) VALUES ('FA0003', '後檯即時通訊', '可以使用後檯即時通訊系統');
INSERT INTO FUN_AUTH (FUN_NO, FUN_NAME, FUN_DES) VALUES ('FA0004', '查看通知', '可以查看通知');
INSERT INTO FUN_AUTH (FUN_NO, FUN_NAME, FUN_DES) VALUES ('FA0005', '現場點餐', '可以使用現場點餐功能');
INSERT INTO FUN_AUTH (FUN_NO, FUN_NAME, FUN_DES) VALUES ('FA0006', '現場劃位', '可以使用現場劃位功能');
INSERT INTO FUN_AUTH (FUN_NO, FUN_NAME, FUN_DES) VALUES ('FA0007', '候位管理', '可以進入候位管理系統');
INSERT INTO FUN_AUTH (FUN_NO, FUN_NAME, FUN_DES) VALUES ('FA0008', '訂單結帳', '可以使用訂單結帳功能');
INSERT INTO FUN_AUTH (FUN_NO, FUN_NAME, FUN_DES) VALUES ('FA0009', '訂單派工', '可以進入訂單派工系統');
INSERT INTO FUN_AUTH (FUN_NO, FUN_NAME, FUN_DES) VALUES ('FA0010', '出餐管理', '可以進入出餐管理系統');
INSERT INTO FUN_AUTH (FUN_NO, FUN_NAME, FUN_DES) VALUES ('FA0011', '訂餐訂單處理', '可以進入訂餐訂單處理系統');
INSERT INTO FUN_AUTH (FUN_NO, FUN_NAME, FUN_DES) VALUES ('FA0012', '訂餐管理', '可以進入訂餐管理系統');
INSERT INTO FUN_AUTH (FUN_NO, FUN_NAME, FUN_DES) VALUES ('FA0013', '訂單管理', '可以進入訂單管理系統');
INSERT INTO FUN_AUTH (FUN_NO, FUN_NAME, FUN_DES) VALUES ('FA0014', '訂位管理', '可以進入訂位管理系統');
INSERT INTO FUN_AUTH (FUN_NO, FUN_NAME, FUN_DES) VALUES ('FA0015', '紅利商品管理', '可以進入紅利商品管理系統');
INSERT INTO FUN_AUTH (FUN_NO, FUN_NAME, FUN_DES) VALUES ('FA0016', '桌位管理', '可以進入桌位管理系統');
INSERT INTO FUN_AUTH (FUN_NO, FUN_NAME, FUN_DES) VALUES ('FA0017', '用餐營業時段管理', '可以進入用餐營業時段管理系統');
INSERT INTO FUN_AUTH (FUN_NO, FUN_NAME, FUN_DES) VALUES ('FA0018', '最新消息管理', '可以進入最新消息管理系統');
INSERT INTO FUN_AUTH (FUN_NO, FUN_NAME, FUN_DES) VALUES ('FA0019', '廣告管理', '可以進入廣告管理系統');
INSERT INTO FUN_AUTH (FUN_NO, FUN_NAME, FUN_DES) VALUES ('FA0020', '菜單管理', '可以進入菜單管理系統');
INSERT INTO FUN_AUTH (FUN_NO, FUN_NAME, FUN_DES) VALUES ('FA0021', '評價管理', '可以進入評價管理系統');
INSERT INTO FUN_AUTH (FUN_NO, FUN_NAME, FUN_DES) VALUES ('FA0022', '通知管理', '可以進入通知管理系統');
INSERT INTO FUN_AUTH (FUN_NO, FUN_NAME, FUN_DES) VALUES ('FA0023', '食材管理', '可以進入食材管理系統');
INSERT INTO FUN_AUTH (FUN_NO, FUN_NAME, FUN_DES) VALUES ('FA0024', '餐點組成管理', '可以進入餐點組成管理系統');
INSERT INTO FUN_AUTH (FUN_NO, FUN_NAME, FUN_DES) VALUES ('FA0025', '食材消耗統計', '可以進入食材消耗統計系統');
--員工權限列表--------------------------------------------------------------------------------------------------------------------
CREATE TABLE EMP_AUTH (
    FUN_NO VARCHAR2(40) NOT NULL,
    EMP_NO VARCHAR2(40) NOT NULL
);

INSERT INTO EMP_AUTH (FUN_NO, EMP_NO) VALUES ('FA0001', 'EMP0001');
INSERT INTO EMP_AUTH (FUN_NO, EMP_NO) VALUES ('FA0002', 'EMP0001');
INSERT INTO EMP_AUTH (FUN_NO, EMP_NO) VALUES ('FA0003', 'EMP0001');
INSERT INTO EMP_AUTH (FUN_NO, EMP_NO) VALUES ('FA0003', 'EMP0002');
INSERT INTO EMP_AUTH (FUN_NO, EMP_NO) VALUES ('FA0004', 'EMP0001');
INSERT INTO EMP_AUTH (FUN_NO, EMP_NO) VALUES ('FA0004', 'EMP0002');
INSERT INTO EMP_AUTH (FUN_NO, EMP_NO) VALUES ('FA0005', 'EMP0001');
INSERT INTO EMP_AUTH (FUN_NO, EMP_NO) VALUES ('FA0005', 'EMP0002');
INSERT INTO EMP_AUTH (FUN_NO, EMP_NO) VALUES ('FA0006', 'EMP0001');
INSERT INTO EMP_AUTH (FUN_NO, EMP_NO) VALUES ('FA0006', 'EMP0002');
INSERT INTO EMP_AUTH (FUN_NO, EMP_NO) VALUES ('FA0007', 'EMP0001');
INSERT INTO EMP_AUTH (FUN_NO, EMP_NO) VALUES ('FA0007', 'EMP0002');
INSERT INTO EMP_AUTH (FUN_NO, EMP_NO) VALUES ('FA0008', 'EMP0001');
INSERT INTO EMP_AUTH (FUN_NO, EMP_NO) VALUES ('FA0008', 'EMP0002');
INSERT INTO EMP_AUTH (FUN_NO, EMP_NO) VALUES ('FA0009', 'EMP0001');
INSERT INTO EMP_AUTH (FUN_NO, EMP_NO) VALUES ('FA0009', 'EMP0002');
INSERT INTO EMP_AUTH (FUN_NO, EMP_NO) VALUES ('FA0010', 'EMP0001');
INSERT INTO EMP_AUTH (FUN_NO, EMP_NO) VALUES ('FA0010', 'EMP0002');
INSERT INTO EMP_AUTH (FUN_NO, EMP_NO) VALUES ('FA0011', 'EMP0001');
INSERT INTO EMP_AUTH (FUN_NO, EMP_NO) VALUES ('FA0011', 'EMP0003');
INSERT INTO EMP_AUTH (FUN_NO, EMP_NO) VALUES ('FA0012', 'EMP0001');
INSERT INTO EMP_AUTH (FUN_NO, EMP_NO) VALUES ('FA0012', 'EMP0002');
INSERT INTO EMP_AUTH (FUN_NO, EMP_NO) VALUES ('FA0013', 'EMP0001');
INSERT INTO EMP_AUTH (FUN_NO, EMP_NO) VALUES ('FA0013', 'EMP0002');
INSERT INTO EMP_AUTH (FUN_NO, EMP_NO) VALUES ('FA0014', 'EMP0001');
INSERT INTO EMP_AUTH (FUN_NO, EMP_NO) VALUES ('FA0014', 'EMP0002');
INSERT INTO EMP_AUTH (FUN_NO, EMP_NO) VALUES ('FA0015', 'EMP0001');
INSERT INTO EMP_AUTH (FUN_NO, EMP_NO) VALUES ('FA0016', 'EMP0001');
INSERT INTO EMP_AUTH (FUN_NO, EMP_NO) VALUES ('FA0017', 'EMP0001');
INSERT INTO EMP_AUTH (FUN_NO, EMP_NO) VALUES ('FA0018', 'EMP0001');
INSERT INTO EMP_AUTH (FUN_NO, EMP_NO) VALUES ('FA0019', 'EMP0001');
INSERT INTO EMP_AUTH (FUN_NO, EMP_NO) VALUES ('FA0020', 'EMP0001');
INSERT INTO EMP_AUTH (FUN_NO, EMP_NO) VALUES ('FA0021', 'EMP0001');
INSERT INTO EMP_AUTH (FUN_NO, EMP_NO) VALUES ('FA0022', 'EMP0001');
INSERT INTO EMP_AUTH (FUN_NO, EMP_NO) VALUES ('FA0023', 'EMP0001');
INSERT INTO EMP_AUTH (FUN_NO, EMP_NO) VALUES ('FA0024', 'EMP0001');
INSERT INTO EMP_AUTH (FUN_NO, EMP_NO) VALUES ('FA0025', 'EMP0001');
--通訊訊息紀錄--------------------------------------------------------------------------------------------------------------------
CREATE TABLE MESSAGE_RECORD (
    MSG_NO VARCHAR2(40) NOT NULL,
    EMP_NO VARCHAR2(40) NOT NULL,
    MEM_NO VARCHAR2(40) NOT NULL,
    MSG_CONT VARCHAR2(300) NOT NULL,
    MSG_TIME TIMESTAMP DEFAULT CURRENT_TIMESTAMP,
    MSG_STS NUMBER(1) NOT NULL
);

INSERT INTO MESSAGE_RECORD (MSG_NO,EMP_NO,MEM_NO,MSG_CONT,MSG_TIME,MSG_STS) VALUES ('MSG0001','EMP0007','MEM0008','最近幾天有營業嗎?',TO_TIMESTAMP('18-NOV-19 12.22.52.580000000 PM','DD-MON-RR HH.MI.SSXFF AM'),0);
INSERT INTO MESSAGE_RECORD (MSG_NO,EMP_NO,MEM_NO,MSG_CONT,MSG_TIME,MSG_STS) VALUES ('MSG0002','EMP0007','MEM0008','有的喔~請問您預計什麼時候用餐呢?',TO_TIMESTAMP('18-NOV-19 12.24.24.064000000 PM','DD-MON-RR HH.MI.SSXFF AM'),1);
INSERT INTO MESSAGE_RECORD (MSG_NO,EMP_NO,MEM_NO,MSG_CONT,MSG_TIME,MSG_STS) VALUES ('MSG0003','EMP0007','MEM0008','那這幾天有咩仔上班嗎?',TO_TIMESTAMP('18-NOV-19 12.30.24.069000000 PM','DD-MON-RR HH.MI.SSXFF AM'),0);
INSERT INTO MESSAGE_RECORD (MSG_NO,EMP_NO,MEM_NO,MSG_CONT,MSG_TIME,MSG_STS) VALUES ('MSG0004','EMP0007','MEM0008','我們這邊目前只有男員工喔~',TO_TIMESTAMP('18-NOV-19 12.32.24.073000000 PM','DD-MON-RR HH.MI.SSXFF AM'),1);
INSERT INTO MESSAGE_RECORD (MSG_NO,EMP_NO,MEM_NO,MSG_CONT,MSG_TIME,MSG_STS) VALUES ('MSG0005','EMP0007','MEM0008','GUN!什麼爛店R!連ㄍ妹子都迷U!',TO_TIMESTAMP('18-NOV-19 12.33.24.078000000 PM','DD-MON-RR HH.MI.SSXFF AM'),0);
INSERT INTO MESSAGE_RECORD (MSG_NO,EMP_NO,MEM_NO,MSG_CONT,MSG_TIME,MSG_STS) VALUES ('MSG0006','EMP0007','MEM0008','你們覺得都沒有妹子生意會好嗎?',TO_TIMESTAMP('18-NOV-19 12.34.24.082000000 PM','DD-MON-RR HH.MI.SSXFF AM'),0);
INSERT INTO MESSAGE_RECORD (MSG_NO,EMP_NO,MEM_NO,MSG_CONT,MSG_TIME,MSG_STS) VALUES ('MSG0007','EMP0007','MEM0008','要不要我送幾套 BL 漫畫給你們看?',TO_TIMESTAMP('18-NOV-19 12.35.24.085000000 PM','DD-MON-RR HH.MI.SSXFF AM'),0);
INSERT INTO MESSAGE_RECORD (MSG_NO,EMP_NO,MEM_NO,MSG_CONT,MSG_TIME,MSG_STS) VALUES ('MSG0008','EMP0007','MEM0008','連個妹子都沒有，這肯定是有什麼隱情ㄉR~GUN',TO_TIMESTAMP('18-NOV-19 12.36.24.089000000 PM','DD-MON-RR HH.MI.SSXFF AM'),0);
INSERT INTO MESSAGE_RECORD (MSG_NO,EMP_NO,MEM_NO,MSG_CONT,MSG_TIME,MSG_STS) VALUES ('MSG0009','EMP0007','MEM0008','這位客人，我已請示過店長，小店確實不符合您的需求，在此致上我們歉意，並告知您將對您予以停權，萬望您能找到符合您需求的火鍋店，感謝！',TO_TIMESTAMP('18-NOV-19 12.50.24.094000000 PM','DD-MON-RR HH.MI.SSXFF AM'),1);
INSERT INTO MESSAGE_RECORD (MSG_NO,EMP_NO,MEM_NO,MSG_CONT,MSG_TIME,MSG_STS) VALUES ('MSG0010','EMP0009','MEM0020','請問為什麼我的訂餐功能無法使用了?',TO_TIMESTAMP('07-MAY-20 01.27.23.352000000 PM','DD-MON-RR HH.MI.SSXFF AM'),0);
INSERT INTO MESSAGE_RECORD (MSG_NO,EMP_NO,MEM_NO,MSG_CONT,MSG_TIME,MSG_STS) VALUES ('MSG0011','EMP0009','MEM0032','不好意思我想請問一下，為什麼我沒辦法訂位了?',TO_TIMESTAMP('07-MAY-20 01.30.23.352000000 PM','DD-MON-RR HH.MI.SSXFF AM'),0);
INSERT INTO MESSAGE_RECORD (MSG_NO,EMP_NO,MEM_NO,MSG_CONT,MSG_TIME,MSG_STS) VALUES ('MSG0012','EMP0009','MEM0020','已幫您確認過狀況，因您先前多次訂餐付款卻未取餐，小店為您的荷包感到擔憂，所以先暫停您的訂餐功能，預計再過48小時就會恢復了喔~',TO_TIMESTAMP('07-MAY-20 01.35.23.352000000 PM','DD-MON-RR HH.MI.SSXFF AM'),1);
INSERT INTO MESSAGE_RECORD (MSG_NO,EMP_NO,MEM_NO,MSG_CONT,MSG_TIME,MSG_STS) VALUES ('MSG0013','EMP0009','MEM0032','已幫您確認過狀況，因您先前多次訂位、多次點按了當天用餐的確認按鈕卻未至本餐廳用餐，故先暫停您的訂位功能，預計再過24小時就會恢復了喔~',TO_TIMESTAMP('07-MAY-20 01.40.23.352000000 PM','DD-MON-RR HH.MI.SSXFF AM'),1);
INSERT INTO MESSAGE_RECORD (MSG_NO,EMP_NO,MEM_NO,MSG_CONT,MSG_TIME,MSG_STS) VALUES ('MSG0014','EMP0009','MEM0020','那我為什麼也沒辦法訂位?',TO_TIMESTAMP('07-MAY-20 01.41.23.352000000 PM','DD-MON-RR HH.MI.SSXFF AM'),0);
INSERT INTO MESSAGE_RECORD (MSG_NO,EMP_NO,MEM_NO,MSG_CONT,MSG_TIME,MSG_STS) VALUES ('MSG0015','EMP0009','MEM0032','但您仍保有訂餐功能喔~可以直接於系統訂餐 ^_^',TO_TIMESTAMP('07-MAY-20 01.41.33.352000000 PM','DD-MON-RR HH.MI.SSXFF AM'),1);
INSERT INTO MESSAGE_RECORD (MSG_NO,EMP_NO,MEM_NO,MSG_CONT,MSG_TIME,MSG_STS) VALUES ('MSG0016','EMP0009','MEM0020','經查詢，您仍保有訂位權限，請問您想訂什麼時候的位子呢?',TO_TIMESTAMP('07-MAY-20 01.42.23.352000000 PM','DD-MON-RR HH.MI.SSXFF AM'),1);
INSERT INTO MESSAGE_RECORD (MSG_NO,EMP_NO,MEM_NO,MSG_CONT,MSG_TIME,MSG_STS) VALUES ('MSG0017','EMP0009','MEM0032','好吧~我知道了，謝謝',TO_TIMESTAMP('07-MAY-20 02.00.23.352000000 PM','DD-MON-RR HH.MI.SSXFF AM'),0);
INSERT INTO MESSAGE_RECORD (MSG_NO,EMP_NO,MEM_NO,MSG_CONT,MSG_TIME,MSG_STS) VALUES ('MSG0018','EMP0009','MEM0020','今天的阿~',TO_TIMESTAMP('07-MAY-20 02.05.43.352000000 PM','DD-MON-RR HH.MI.SSXFF AM'),0);
INSERT INTO MESSAGE_RECORD (MSG_NO,EMP_NO,MEM_NO,MSG_CONT,MSG_TIME,MSG_STS) VALUES ('MSG0019','EMP0009','MEM0020','顧客抱歉，我們不提供當天訂位服務喔~再煩請您直接到現場登記候位喔~ ^_^',TO_TIMESTAMP('07-MAY-20 02.10.23.352000000 PM','DD-MON-RR HH.MI.SSXFF AM'),1);
INSERT INTO MESSAGE_RECORD (MSG_NO,EMP_NO,MEM_NO,MSG_CONT,MSG_TIME,MSG_STS) VALUES ('MSG0020','EMP0009','MEM0020','好吧...OAQ 謝囉~',TO_TIMESTAMP('07-MAY-20 02.15.23.352000000 PM','DD-MON-RR HH.MI.SSXFF AM'),0);
INSERT INTO MESSAGE_RECORD (MSG_NO,EMP_NO,MEM_NO,MSG_CONT,MSG_TIME,MSG_STS) VALUES ('MSG0021','EMP0008','MEM0038','請問今天有營業嗎?',TO_TIMESTAMP('13-JUN-20 01.46.20.750000000 PM','DD-MON-RR HH.MI.SSXFF AM'),0);
INSERT INTO MESSAGE_RECORD (MSG_NO,EMP_NO,MEM_NO,MSG_CONT,MSG_TIME,MSG_STS) VALUES ('MSG0022','EMP0008','MEM0038','有的',TO_TIMESTAMP('13-JUN-20 01.48.20.756000000 PM','DD-MON-RR HH.MI.SSXFF AM'),1);
INSERT INTO MESSAGE_RECORD (MSG_NO,EMP_NO,MEM_NO,MSG_CONT,MSG_TIME,MSG_STS) VALUES ('MSG0023','EMP0008','MEM0038','但我們不提供當天訂位，再煩請您至現場登記候位',TO_TIMESTAMP('13-JUN-20 01.50.20.760000000 PM','DD-MON-RR HH.MI.SSXFF AM'),1);
INSERT INTO MESSAGE_RECORD (MSG_NO,EMP_NO,MEM_NO,MSG_CONT,MSG_TIME,MSG_STS) VALUES ('MSG0024','EMP0008','MEM0038','好，感謝',TO_TIMESTAMP('13-JUN-20 01.51.20.763000000 PM','DD-MON-RR HH.MI.SSXFF AM'),0);
INSERT INTO MESSAGE_RECORD (MSG_NO,EMP_NO,MEM_NO,MSG_CONT,MSG_TIME,MSG_STS) VALUES ('MSG0025','EMP0008','MEM0014','為什麼我沒辦法評價了?',TO_TIMESTAMP('29-JUL-20 05.30.56.027000000 PM','DD-MON-RR HH.MI.SSXFF AM'),0);
INSERT INTO MESSAGE_RECORD (MSG_NO,EMP_NO,MEM_NO,MSG_CONT,MSG_TIME,MSG_STS) VALUES ('MSG0026','EMP0008','MEM0014','已幫您確認過狀況，因您先前多次在評價區留言其他的廣告訊息，多次被他人檢舉，故先暫停您的評價權限，須等10天才會恢復您的評價功能，謝謝',TO_TIMESTAMP('29-JUL-20 05.40.56.027000000 PM','DD-MON-RR HH.MI.SSXFF AM'),1);
INSERT INTO MESSAGE_RECORD (MSG_NO,EMP_NO,MEM_NO,MSG_CONT,MSG_TIME,MSG_STS) VALUES ('MSG0027','EMP0008','MEM0014','我只是順便打一下我們家的廣告而已......',TO_TIMESTAMP('29-JUL-20 05.50.56.027000000 PM','DD-MON-RR HH.MI.SSXFF AM'),0);
INSERT INTO MESSAGE_RECORD (MSG_NO,EMP_NO,MEM_NO,MSG_CONT,MSG_TIME,MSG_STS) VALUES ('MSG0028','EMP0008','MEM0014','你們會不會太嚴格了......',TO_TIMESTAMP('29-JUL-20 05.52.56.027000000 PM','DD-MON-RR HH.MI.SSXFF AM'),0);
INSERT INTO MESSAGE_RECORD (MSG_NO,EMP_NO,MEM_NO,MSG_CONT,MSG_TIME,MSG_STS) VALUES ('MSG0029','EMP0008','MEM0014','不好意思造成您的困擾，請耐心等候，謝謝',TO_TIMESTAMP('29-JUL-20 05.55.56.027000000 PM','DD-MON-RR HH.MI.SSXFF AM'),1);
INSERT INTO MESSAGE_RECORD (MSG_NO,EMP_NO,MEM_NO,MSG_CONT,MSG_TIME,MSG_STS) VALUES ('MSG0030','EMP0008','MEM0014','好啦我知道了= =...',TO_TIMESTAMP('29-JUL-20 05.58.56.027000000 PM','DD-MON-RR HH.MI.SSXFF AM'),0);
INSERT INTO MESSAGE_RECORD (MSG_NO,EMP_NO,MEM_NO,MSG_CONT,MSG_TIME,MSG_STS) VALUES ('MSG0031','EMP0003','MEM0013','為什麼我不能檢舉別人的評價了?',TO_TIMESTAMP('17-AUG-20 01.30.58.033000000 PM','DD-MON-RR HH.MI.SSXFF AM'),0);
INSERT INTO MESSAGE_RECORD (MSG_NO,EMP_NO,MEM_NO,MSG_CONT,MSG_TIME,MSG_STS) VALUES ('MSG0032','EMP0003','MEM0013','已幫您確認過狀況，因您先前多次檢舉他人評價，經核實該，該些評價未達規定之不當言論標準，小店擔心您因為關心小店卻累著了自己，故先暫停您檢舉的權限',TO_TIMESTAMP('17-AUG-20 01.50.58.033000000 PM','DD-MON-RR HH.MI.SSXFF AM'),1);
INSERT INTO MESSAGE_RECORD (MSG_NO,EMP_NO,MEM_NO,MSG_CONT,MSG_TIME,MSG_STS) VALUES ('MSG0033','EMP0003','MEM0013','預計還有3天即會恢復您的檢舉功能，請耐心等候，謝謝您',TO_TIMESTAMP('17-AUG-20 01.51.58.033000000 PM','DD-MON-RR HH.MI.SSXFF AM'),1);
INSERT INTO MESSAGE_RECORD (MSG_NO,EMP_NO,MEM_NO,MSG_CONT,MSG_TIME,MSG_STS) VALUES ('MSG0034','EMP0003','MEM0013','還要那麼久!?',TO_TIMESTAMP('17-AUG-20 01.52.58.033000000 PM','DD-MON-RR HH.MI.SSXFF AM'),0);
INSERT INTO MESSAGE_RECORD (MSG_NO,EMP_NO,MEM_NO,MSG_CONT,MSG_TIME,MSG_STS) VALUES ('MSG0035','EMP0003','MEM0013','我又看到很多則很奇怪的評價了的說...',TO_TIMESTAMP('17-AUG-20 01.53.30.033000000 PM','DD-MON-RR HH.MI.SSXFF AM'),0);
INSERT INTO MESSAGE_RECORD (MSG_NO,EMP_NO,MEM_NO,MSG_CONT,MSG_TIME,MSG_STS) VALUES ('MSG0036','EMP0003','MEM0013','不好意思造成您的困擾，煩請您耐心等候，謝謝',TO_TIMESTAMP('17-AUG-20 01.59.00.033000000 PM','DD-MON-RR HH.MI.SSXFF AM'),1);
INSERT INTO MESSAGE_RECORD (MSG_NO,EMP_NO,MEM_NO,MSG_CONT,MSG_TIME,MSG_STS) VALUES ('MSG0037','EMP0003','MEM0013','好吧~也只能這樣了=_=',TO_TIMESTAMP('17-AUG-20 02.01.58.033000000 PM','DD-MON-RR HH.MI.SSXFF AM'),0);
INSERT INTO MESSAGE_RECORD (MSG_NO,EMP_NO,MEM_NO,MSG_CONT,MSG_TIME,MSG_STS) VALUES ('MSG0038','EMP0005','MEM0004','請問今天有營業嗎?',TO_TIMESTAMP('30-AUG-20 02.17.30.225000000 PM','DD-MON-RR HH.MI.SSXFF AM'),0);
INSERT INTO MESSAGE_RECORD (MSG_NO,EMP_NO,MEM_NO,MSG_CONT,MSG_TIME,MSG_STS) VALUES ('MSG0039','EMP0005','MEM0004','有的',TO_TIMESTAMP('30-AUG-20 02.25.30.230000000 PM','DD-MON-RR HH.MI.SSXFF AM'),1);
INSERT INTO MESSAGE_RECORD (MSG_NO,EMP_NO,MEM_NO,MSG_CONT,MSG_TIME,MSG_STS) VALUES ('MSG0040','EMP0005','MEM0004','但我們不提供當天訂位，再煩請您至現場登記候位',TO_TIMESTAMP('30-AUG-20 02.27.30.234000000 PM','DD-MON-RR HH.MI.SSXFF AM'),1);
INSERT INTO MESSAGE_RECORD (MSG_NO,EMP_NO,MEM_NO,MSG_CONT,MSG_TIME,MSG_STS) VALUES ('MSG0041','EMP0005','MEM0004','好，感謝',TO_TIMESTAMP('30-AUG-20 02.35.30.238000000 PM','DD-MON-RR HH.MI.SSXFF AM'),0);
INSERT INTO MESSAGE_RECORD (MSG_NO,EMP_NO,MEM_NO,MSG_CONT,MSG_TIME,MSG_STS) VALUES ('MSG0042','EMP0005','MEM0004','不會~期待您的光顧喔~ ^_^',TO_TIMESTAMP('30-AUG-20 02.40.30.243000000 PM','DD-MON-RR HH.MI.SSXFF AM'),1);
INSERT INTO MESSAGE_RECORD (MSG_NO,EMP_NO,MEM_NO,MSG_CONT,MSG_TIME,MSG_STS) VALUES ('MSG0043','EMP0002','MEM0022','請問後天有營業嗎?',TO_TIMESTAMP('20-SEP-20 05.30.59.417000000 PM','DD-MON-RR HH.MI.SSXFF AM'),0);
INSERT INTO MESSAGE_RECORD (MSG_NO,EMP_NO,MEM_NO,MSG_CONT,MSG_TIME,MSG_STS) VALUES ('MSG0044','EMP0002','MEM0022','有，可以直接點選訂位，選擇日期、時間和人數',TO_TIMESTAMP('20-SEP-20 05.40.59.417000000 PM','DD-MON-RR HH.MI.SSXFF AM'),1);
INSERT INTO MESSAGE_RECORD (MSG_NO,EMP_NO,MEM_NO,MSG_CONT,MSG_TIME,MSG_STS) VALUES ('MSG0045','EMP0002','MEM0022','可以順便訂餐嗎?',TO_TIMESTAMP('20-SEP-20 05.45.59.417000000 PM','DD-MON-RR HH.MI.SSXFF AM'),0);
INSERT INTO MESSAGE_RECORD (MSG_NO,EMP_NO,MEM_NO,MSG_CONT,MSG_TIME,MSG_STS) VALUES ('MSG0046','EMP0002','MEM0022','可以，訂位完畢後可以選擇預先訂餐',TO_TIMESTAMP('20-SEP-20 05.50.59.417000000 PM','DD-MON-RR HH.MI.SSXFF AM'),1);
INSERT INTO MESSAGE_RECORD (MSG_NO,EMP_NO,MEM_NO,MSG_CONT,MSG_TIME,MSG_STS) VALUES ('MSG0047','EMP0002','MEM0022','好的，感謝',TO_TIMESTAMP('20-SEP-20 05.55.59.417000000 PM','DD-MON-RR HH.MI.SSXFF AM'),0);
INSERT INTO MESSAGE_RECORD (MSG_NO,EMP_NO,MEM_NO,MSG_CONT,MSG_TIME,MSG_STS) VALUES ('MSG0048','EMP0001','MEM0024','請問今天有營業嗎?',TO_TIMESTAMP('25-SEP-20 02.17.30.263000000 PM','DD-MON-RR HH.MI.SSXFF AM'),0);
INSERT INTO MESSAGE_RECORD (MSG_NO,EMP_NO,MEM_NO,MSG_CONT,MSG_TIME,MSG_STS) VALUES ('MSG0049','EMP0001','MEM0024','有的',TO_TIMESTAMP('25-SEP-20 02.30.30.268000000 PM','DD-MON-RR HH.MI.SSXFF AM'),1);
INSERT INTO MESSAGE_RECORD (MSG_NO,EMP_NO,MEM_NO,MSG_CONT,MSG_TIME,MSG_STS) VALUES ('MSG0050','EMP0001','MEM0024','但我們不提供當天訂位，再煩請您至現場登記候位',TO_TIMESTAMP('25-SEP-20 02.32.30.273000000 PM','DD-MON-RR HH.MI.SSXFF AM'),1);
INSERT INTO MESSAGE_RECORD (MSG_NO,EMP_NO,MEM_NO,MSG_CONT,MSG_TIME,MSG_STS) VALUES ('MSG0051','EMP0001','MEM0024','好，感謝',TO_TIMESTAMP('25-SEP-20 02.40.30.276000000 PM','DD-MON-RR HH.MI.SSXFF AM'),0);
INSERT INTO MESSAGE_RECORD (MSG_NO,EMP_NO,MEM_NO,MSG_CONT,MSG_TIME,MSG_STS) VALUES ('MSG0052','EMP0001','MEM0024','不會~期待您的光顧喔~ ^_^',TO_TIMESTAMP('25-SEP-20 02.50.30.281000000 PM','DD-MON-RR HH.MI.SSXFF AM'),1);
--廣告--------------------------------------------------------------------------------------------------------------------------
CREATE TABLE AD (
    AD_NO VARCHAR2(40) NOT NULL,
    EMP_NO VARCHAR2(40) NOT NULL,
    AD_TITLE VARCHAR2(60) NOT NULL,
    AD_CONT VARCHAR2(1000) NOT NULL,
    AD_ADD_DATE DATE NOT NULL,
    AD_RE_DATE DATE NOT NULL,
    AD_IMG BLOB NOT NULL,
    AD_STS NUMBER(1) NOT NULL 
);

INSERT INTO AD (AD_NO,EMP_NO,AD_TITLE,AD_CONT,AD_ADD_DATE,AD_RE_DATE,AD_IMG,AD_STS) VALUES ('AD0001','EMP0001','免排隊、免低消 網路預約免等待','免排隊、免低消 外帶湯底，將美味打包回家 排隊、免低消 網路預約免等待 吃胖吧PoT外帶鍋底回家嚐每份300元！快來將美味打包帶走！讓您在家也可以慢慢品嚐',TO_DATE('2020-2-27','YY-MM-DD'),TO_DATE('2020-12-31','YY-MM-DD'),EMPTY_BLOB(),1);
INSERT INTO AD (AD_NO,EMP_NO,AD_TITLE,AD_CONT,AD_ADD_DATE,AD_RE_DATE,AD_IMG,AD_STS) VALUES ('AD0002','EMP0001','頭獎日本A5和牛請你吃','活動辦法：-活動期間：2020.03.01開店~12.31。-外帶消費發票金額達1500元即贈刮刮卡乙張(限下次使用)，單筆消費最高可兌換乙張。-活動贈品恕無法更換其他商品或折抵現金。-本活動恕不適用於內用、宅配、外送服務、其他平台票券及優惠活動。【使用須知】1. 本券不適用於領取當次消費，限下次使用；須加蓋店章方能生效，影印無效。2. 單桌單筆消費限兌換乙張，請於點餐前出示本券供服務人員回收；僅限內用及外帶，恕不適用於宅配及外送服務。3. 持本券至門店用餐或外帶，消費發票金額達1,000元始可兌換券面餐點乙份，恕無法折抵現金。4. 本券與其他招待券、平台票券及優惠活動需擇一使用。5. 餐點如有缺貨事宜則以同價值商品取代之，請依門店現場資訊為主。使用期限：2020/12/31止 (塗改無效)',TO_DATE('2020-3-27','YY-MM-DD'),TO_DATE('2020-12-31','YY-MM-DD'),EMPTY_BLOB(),1);
INSERT INTO AD (AD_NO,EMP_NO,AD_TITLE,AD_CONT,AD_ADD_DATE,AD_RE_DATE,AD_IMG,AD_STS) VALUES ('AD0003','EMP0001','消費滿2000元贈振興招待券乙張(贈完為止)','【使用須知】*活動期間：2020/9/25開店～贈完為止。*用餐消費發票金額達2000元贈振興招待券(牛小排/伊比利豬(擇一))乙張(限下次使用)，每桌最高贈乙張。*振興招待券各門店分配數量有限，贈完為止。*活動餐點恕無法更換其他商品或折抵現金。*本活動恕不適用於外帶、宅配、外送服務、其他平台票券及優惠活動。',TO_DATE('2020-8-27','YY-MM-DD'),TO_DATE('2020-12-31','YY-MM-DD'),EMPTY_BLOB(),1);
INSERT INTO AD (AD_NO,EMP_NO,AD_TITLE,AD_CONT,AD_ADD_DATE,AD_RE_DATE,AD_IMG,AD_STS) VALUES ('AD0004','EMP0001','謝師宴','來 ! 來 ! 來 !謝師宴不知道要吃什麼嗎?吃胖吧PoT來幫您準備哦 !#此活動每人皆需點一份鍋類#不得與其他優惠同時使用',TO_DATE('2020-2-27','YY-MM-DD'),TO_DATE('2020-12-31','YY-MM-DD'),EMPTY_BLOB(),1);
INSERT INTO AD (AD_NO,EMP_NO,AD_TITLE,AD_CONT,AD_ADD_DATE,AD_RE_DATE,AD_IMG,AD_STS) VALUES ('AD0005','EMP0001','會員募集中！','即日起至 12/31，加入「吃胖吧 PoT GO！CLUB」會員即贈入會好禮一份。會員獨享集點兌禮、壽星優惠，不定期還會推出專屬優惠活動唷！',TO_DATE('2020-1-1','YY-MM-DD'),TO_DATE('2020-12-31','YY-MM-DD'),EMPTY_BLOB(),1);
--通知設定-----------------------------------------------------------------------------------------------------------------------
CREATE TABLE INFORM_SET (
    IS_NO VARCHAR2(40) NOT NULL,
    EMP_NO VARCHAR2(40) NOT NULL,
    IS_CONT VARCHAR2(300) NOT NULL,
    IS_DATE DATE NOT NULL
);

INSERT INTO INFORM_SET (IS_NO,EMP_NO,IS_CONT,IS_DATE) VALUES ('IS0001','EMP0001','光棍無處去，火鍋溫暖你 <3 今日單點回饋價，滿 500 送 100 好划算，快來吃胖吧！',TO_DATE('11-NOV-19','DD-MON-RR'));
INSERT INTO INFORM_SET (IS_NO,EMP_NO,IS_CONT,IS_DATE) VALUES ('IS0002','EMP0001','跨年總是人擠人，不如今年就和三五好友溫馨小聚吧！吃胖吧獨家推出---跨年好友套餐---快來嚐嚐吧~',TO_DATE('28-DEC-19','DD-MON-RR'));
INSERT INTO INFORM_SET (IS_NO,EMP_NO,IS_CONT,IS_DATE) VALUES ('IS0003','EMP0001','年節公告：1/24 - 1/29 吃胖吧公休，各位鄉親好友們，我們 1/30 見囉！好運非你莫鼠！',TO_DATE('20-JAN-20','DD-MON-RR'));
INSERT INTO INFORM_SET (IS_NO,EMP_NO,IS_CONT,IS_DATE) VALUES ('IS0004','EMP0002','誰說情人節吃火鍋沒氣氛！吃胖吧給你滿滿的大浪漫！打卡送霜降牛肉片一盤，成霜成對是絕配 <3',TO_DATE('10-FEB-20','DD-MON-RR'));
INSERT INTO INFORM_SET (IS_NO,EMP_NO,IS_CONT,IS_DATE) VALUES ('IS0005','EMP0001','白色情人節送巧克力老套？那就吃火鍋促進感情升溫吧！點雙人套餐，打卡送紅利點數 99 點，長長久久、和和美美 <3',TO_DATE('10-MAR-20','DD-MON-RR'));
INSERT INTO INFORM_SET (IS_NO,EMP_NO,IS_CONT,IS_DATE) VALUES ('IS0006','EMP0001','長期活動開跑！2020/04/01 開始至 2021/04/01，當日壽星來店獨享 79 折優惠，今天愚人節，不愚人！',TO_DATE('01-APR-20','DD-MON-RR'));
INSERT INTO INFORM_SET (IS_NO,EMP_NO,IS_CONT,IS_DATE) VALUES ('IS0007','EMP0002','母親節溫馨優選，吃胖吧獨家推出媽媽健康套餐，點套餐打卡就送肉片一盤，偉大的母親們辛苦了！',TO_DATE('05-MAY-20','DD-MON-RR'));
INSERT INTO INFORM_SET (IS_NO,EMP_NO,IS_CONT,IS_DATE) VALUES ('IS0008','EMP0001','號外！號外！8/30前憑學生證打卡送肉片一盤，這麼好康的事，不揪姊妹淘或兄ㄉㄟˇ們就太不夠義氣啦~~~！',TO_DATE('30-JUN-20','DD-MON-RR'));
INSERT INTO INFORM_SET (IS_NO,EMP_NO,IS_CONT,IS_DATE) VALUES ('IS0009','EMP0002','八八節爸爸優選，肉片單點一盤特價 88 折，啤酒無限暢飲，辛勞的爸爸們！揪夥來吃胖吧！',TO_DATE('01-AUG-20','DD-MON-RR'));
INSERT INTO INFORM_SET (IS_NO,EMP_NO,IS_CONT,IS_DATE) VALUES ('IS0010','EMP0001','中秋節還在吃烤肉？那你就落伍了！大家都響應環保開始吃火鍋了！來店打卡送肉片一盤，三種選擇一次滿足喔！',TO_DATE('28-SEP-20','DD-MON-RR'));
INSERT INTO INFORM_SET (IS_NO,EMP_NO,IS_CONT,IS_DATE) VALUES ('IS0011','EMP0001','萬聖節變裝秀！COSPLAY 來店打卡送肉片，限量 50 份，要來要快喔！',TO_DATE('25-OCT-20','DD-MON-RR'));
INSERT INTO INFORM_SET (IS_NO,EMP_NO,IS_CONT,IS_DATE) VALUES ('IS0012','EMP0001',' J 個 4~~~昨日光棍節優惠來不及上車？吃胖吧今日單點回饋價，滿 500 送 100，還不快跟上！',TO_DATE('12-NOV-20','DD-MON-RR'));
INSERT INTO INFORM_SET (IS_NO,EMP_NO,IS_CONT,IS_DATE) VALUES ('IS0013','EMP0002','聖誕節不流行吃大餐了~流行吃火鍋！四人同行、一人免費，這麼冷的天，快來一起擠暖暖吧！',TO_DATE('20-DEC-20','DD-MON-RR'));
INSERT INTO INFORM_SET (IS_NO,EMP_NO,IS_CONT,IS_DATE) VALUES ('IS0014','EMP0001','年節公告：2/10 - 2/16 吃胖吧公休，各位鄉親好友們，我們 2/17 見囉！祝大家 HAPPY 牛 YEAR！',TO_DATE('01-FEB-21','DD-MON-RR'));
INSERT INTO INFORM_SET (IS_NO,EMP_NO,IS_CONT,IS_DATE) VALUES ('IS0015','EMP0001','白色情人節送巧克力老套？那就吃火鍋促進感情升溫吧！點雙人套餐，打卡送紅利點數 99 點，長長久久、和和美美 <3',TO_DATE('10-MAR-21','DD-MON-RR'));
INSERT INTO INFORM_SET (IS_NO,EMP_NO,IS_CONT,IS_DATE) VALUES ('IS0016','EMP0001','長期活動開跑！2020/04/01 開始至 2021/04/01，當日壽星來店獨享 79 折優惠，今天愚人節，不愚人！',TO_DATE('01-APR-21','DD-MON-RR'));
INSERT INTO INFORM_SET (IS_NO,EMP_NO,IS_CONT,IS_DATE) VALUES ('IS0017','EMP0001','母親節溫馨優選，吃胖吧獨家推出媽媽健康套餐，點套餐打卡就送肉片一盤，偉大的母親們辛苦了！',TO_DATE('05-MAY-21','DD-MON-RR'));
INSERT INTO INFORM_SET (IS_NO,EMP_NO,IS_CONT,IS_DATE) VALUES ('IS0018','EMP0002','端午節吃粽子難消化，吃點健康的火鍋吧！點蔬菜鍋，打卡享 9 折優惠，快來一起養生吃道吧！',TO_DATE('06-JUN-21','DD-MON-RR'));
INSERT INTO INFORM_SET (IS_NO,EMP_NO,IS_CONT,IS_DATE) VALUES ('IS0019','EMP0001','八八節爸爸優選，肉片單點一盤特價 88 折，啤酒無限暢飲，辛勞的爸爸們！揪夥來吃胖吧！',TO_DATE('01-AUG-21','DD-MON-RR'));
--最新消息----------------------------------------------------------------------------------------------------------------------
CREATE TABLE NEWS (
    NEWS_NO VARCHAR2(40) NOT NULL,
    EMP_NO VARCHAR2(40) NOT NULL,
    NEWS_CONT VARCHAR2(300) NOT NULL,
    NEWS_DATE DATE NOT NULL,
    NEWS_STS NUMBER(1) NOT NULL 
);

INSERT INTO NEWS (NEWS_NO,EMP_NO,NEWS_CONT,NEWS_DATE,news_sts) VALUES ('NEWS0001','EMP0001','【臨時休店通知】2020年1月1日（星期三）本店休息一天，不便之處 請見諒',TO_DATE('2019-12-25','YY-MM-DD'),1);
INSERT INTO NEWS (NEWS_NO,EMP_NO,NEWS_CONT,NEWS_DATE,news_sts) VALUES ('NEWS0002','EMP0001','年節公告：1/24 - 1/29 吃胖吧公休，各位我們 1/30 見！',TO_DATE('2020-1-10','YY-MM-DD'),1);
INSERT INTO NEWS (NEWS_NO,EMP_NO,NEWS_CONT,NEWS_DATE,news_sts) VALUES ('NEWS0003','EMP0001','防疫不落人後，吃鍋也能安心2020-01-30 因應武漢肺炎，防疫措施不能少！吃胖吧PoT門市皆備有自動手指消毒機，櫃台也皆備有酒精供消毒使用，另會用額溫槍於您入座用餐前先檢測您的體溫',TO_DATE('2020-1-27','YY-MM-DD'),1);
INSERT INTO NEWS (NEWS_NO,EMP_NO,NEWS_CONT,NEWS_DATE,news_sts) VALUES ('NEWS0004','EMP0001','本月壽星活動 當桌帳單滿千送 大份特級霜降牛肉盤/究好梅花豬肉盤 8盎司乙盤',TO_DATE('2020-3-27','YY-MM-DD'),1);
INSERT INTO NEWS (NEWS_NO,EMP_NO,NEWS_CONT,NEWS_DATE,news_sts) VALUES ('NEWS0005','EMP0001','【臨時休店通知】2020年10月10日（星期六）本店休息一天，不便之處 請見諒',TO_DATE('2020-9-25','YY-MM-DD'),1);
--桌位編輯物件----------------------------------------------------------------------------------------------------------------------
CREATE TABLE SEAT_OBJ (
    SEAT_OBJ_NO VARCHAR2(40) NOT NULL,
    SEAT_OBJ BLOB,
    SEAT_OBJ_STS NUMBER(1) NOT NULL,
    SEAT_PEOPLE NUMBER(2) NOT NULL,
    SEAT_USE NUMBER(1) NOT NULL
);

INSERT INTO SEAT_OBJ(SEAT_OBJ_NO, SEAT_OBJ, SEAT_OBJ_STS,SEAT_PEOPLE,SEAT_USE) VALUES ('SO0001', EMPTY_BLOB(), 0, 1, 0);
INSERT INTO SEAT_OBJ(SEAT_OBJ_NO, SEAT_OBJ, SEAT_OBJ_STS,SEAT_PEOPLE,SEAT_USE) VALUES ('SO0002', EMPTY_BLOB(), 0, 2, 0);
INSERT INTO SEAT_OBJ(SEAT_OBJ_NO, SEAT_OBJ, SEAT_OBJ_STS,SEAT_PEOPLE,SEAT_USE) VALUES ('SO0003', EMPTY_BLOB(), 0, 4, 0);
INSERT INTO SEAT_OBJ(SEAT_OBJ_NO, SEAT_OBJ, SEAT_OBJ_STS,SEAT_PEOPLE,SEAT_USE) VALUES ('SO0004', EMPTY_BLOB(), 0, 6, 0);
INSERT INTO SEAT_OBJ(SEAT_OBJ_NO, SEAT_OBJ, SEAT_OBJ_STS,SEAT_PEOPLE,SEAT_USE) VALUES ('SO0005', EMPTY_BLOB(), 0, 8, 0);
--桌位--------------------------------------------------------------------------------------------------------------------------
CREATE TABLE SEAT (
    SEAT_NO VARCHAR2(40) NOT NULL,
    SEAT_OBJ_NO VARCHAR2(40) NOT NULL,
    SEAT_NAME VARCHAR2(30) NOT NULL,
    SEAT_ISDEL NUMBER(1) NOT NULL,
    SEAT_X NUMBER(4),
    SEAT_Y NUMBER(4),
    SEAT_L NUMBER(4),
    SEAT_W NUMBER(4),
    SEAT_F NUMBER(1)
);

INSERT INTO SEAT (SEAT_NO, SEAT_OBJ_NO, SEAT_NAME, SEAT_ISDEL, SEAT_X, SEAT_Y, SEAT_L, SEAT_W, SEAT_F) VALUES ('SEN0001', 'SO0001', 'A', 0, 90, 65 ,40, 40, 1);
INSERT INTO SEAT (SEAT_NO, SEAT_OBJ_NO, SEAT_NAME, SEAT_ISDEL, SEAT_X, SEAT_Y, SEAT_L, SEAT_W, SEAT_F) VALUES ('SEN0002', 'SO0001', 'B', 0, 325, 65 ,40, 40, 1);
INSERT INTO SEAT (SEAT_NO, SEAT_OBJ_NO, SEAT_NAME, SEAT_ISDEL, SEAT_X, SEAT_Y, SEAT_L, SEAT_W, SEAT_F) VALUES ('SEN0003', 'SO0001', 'C', 0, 545, 65 ,40, 40, 1);
INSERT INTO SEAT (SEAT_NO, SEAT_OBJ_NO, SEAT_NAME, SEAT_ISDEL, SEAT_X, SEAT_Y, SEAT_L, SEAT_W, SEAT_F) VALUES ('SEN0004', 'SO0002', 'D', 0, 215, 250 ,50, 50, 1);
INSERT INTO SEAT (SEAT_NO, SEAT_OBJ_NO, SEAT_NAME, SEAT_ISDEL, SEAT_X, SEAT_Y, SEAT_L, SEAT_W, SEAT_F) VALUES ('SEN0005', 'SO0002', 'E', 0, 440, 250 ,50, 50, 1);
INSERT INTO SEAT (SEAT_NO, SEAT_OBJ_NO, SEAT_NAME, SEAT_ISDEL, SEAT_X, SEAT_Y, SEAT_L, SEAT_W, SEAT_F) VALUES ('SEN0006', 'SO0002', 'F', 0, 320, 425 ,50, 50, 1);
INSERT INTO SEAT (SEAT_NO, SEAT_OBJ_NO, SEAT_NAME, SEAT_ISDEL, SEAT_X, SEAT_Y, SEAT_L, SEAT_W, SEAT_F) VALUES ('SEN0007', 'SO0003', 'G', 0, 90, 580 ,60, 60, 1);
INSERT INTO SEAT (SEAT_NO, SEAT_OBJ_NO, SEAT_NAME, SEAT_ISDEL, SEAT_X, SEAT_Y, SEAT_L, SEAT_W, SEAT_F) VALUES ('SEN0008', 'SO0003', 'H', 0, 320, 580 ,60, 60, 1);
INSERT INTO SEAT (SEAT_NO, SEAT_OBJ_NO, SEAT_NAME, SEAT_ISDEL, SEAT_X, SEAT_Y, SEAT_L, SEAT_W, SEAT_F) VALUES ('SEN0009', 'SO0003', 'I', 0, 520, 580 ,60, 60, 1);
INSERT INTO SEAT (SEAT_NO, SEAT_OBJ_NO, SEAT_NAME, SEAT_ISDEL, SEAT_X, SEAT_Y, SEAT_L, SEAT_W, SEAT_F) VALUES ('SEN0010', 'SO0004', 'J', 0, 800, 65 ,70, 70, 1);
INSERT INTO SEAT (SEAT_NO, SEAT_OBJ_NO, SEAT_NAME, SEAT_ISDEL, SEAT_X, SEAT_Y, SEAT_L, SEAT_W, SEAT_F) VALUES ('SEN0011', 'SO0004', 'K', 0, 800, 250 ,70, 70, 1);
INSERT INTO SEAT (SEAT_NO, SEAT_OBJ_NO, SEAT_NAME, SEAT_ISDEL, SEAT_X, SEAT_Y, SEAT_L, SEAT_W, SEAT_F) VALUES ('SEN0012', 'SO0004', 'L', 0, 800, 450 ,70, 70, 1);
INSERT INTO SEAT (SEAT_NO, SEAT_OBJ_NO, SEAT_NAME, SEAT_ISDEL, SEAT_X, SEAT_Y, SEAT_L, SEAT_W, SEAT_F) VALUES ('SEN0013', 'SO0005', 'M', 0, 800, 650 ,80, 80, 1);
INSERT INTO SEAT (SEAT_NO, SEAT_OBJ_NO, SEAT_NAME, SEAT_ISDEL, SEAT_X, SEAT_Y, SEAT_L, SEAT_W, SEAT_F) VALUES ('SEN0014', 'SO0005', 'N', 0, 1000, 150 ,80, 80, 1);
INSERT INTO SEAT (SEAT_NO, SEAT_OBJ_NO, SEAT_NAME, SEAT_ISDEL, SEAT_X, SEAT_Y, SEAT_L, SEAT_W, SEAT_F) VALUES ('SEN0015', 'SO0005', 'O', 0, 1000, 500 ,80, 80, 1);
INSERT INTO SEAT (SEAT_NO, SEAT_OBJ_NO, SEAT_NAME, SEAT_ISDEL, SEAT_X, SEAT_Y, SEAT_L, SEAT_W, SEAT_F) VALUES ('SEN0016', 'SO0001', '1', 0, 50, 50 ,40, 40, 2);
INSERT INTO SEAT (SEAT_NO, SEAT_OBJ_NO, SEAT_NAME, SEAT_ISDEL, SEAT_X, SEAT_Y, SEAT_L, SEAT_W, SEAT_F) VALUES ('SEN0017', 'SO0001', '2', 0, 250, 50 ,40, 40, 2);
INSERT INTO SEAT (SEAT_NO, SEAT_OBJ_NO, SEAT_NAME, SEAT_ISDEL, SEAT_X, SEAT_Y, SEAT_L, SEAT_W, SEAT_F) VALUES ('SEN0018', 'SO0001', '3', 0, 450, 50 ,40, 40, 2);
INSERT INTO SEAT (SEAT_NO, SEAT_OBJ_NO, SEAT_NAME, SEAT_ISDEL, SEAT_X, SEAT_Y, SEAT_L, SEAT_W, SEAT_F) VALUES ('SEN0019', 'SO0002', '4', 0, 650, 50 ,50, 50, 2);
INSERT INTO SEAT (SEAT_NO, SEAT_OBJ_NO, SEAT_NAME, SEAT_ISDEL, SEAT_X, SEAT_Y, SEAT_L, SEAT_W, SEAT_F) VALUES ('SEN0020', 'SO0002', '5', 0, 850, 50 ,50, 50, 2);
INSERT INTO SEAT (SEAT_NO, SEAT_OBJ_NO, SEAT_NAME, SEAT_ISDEL, SEAT_X, SEAT_Y, SEAT_L, SEAT_W, SEAT_F) VALUES ('SEN0021', 'SO0002', '6', 0, 1000, 50 ,50, 50, 2);
INSERT INTO SEAT (SEAT_NO, SEAT_OBJ_NO, SEAT_NAME, SEAT_ISDEL, SEAT_X, SEAT_Y, SEAT_L, SEAT_W, SEAT_F) VALUES ('SEN0022', 'SO0003', '7', 0, 50, 300 ,60, 60, 2);
INSERT INTO SEAT (SEAT_NO, SEAT_OBJ_NO, SEAT_NAME, SEAT_ISDEL, SEAT_X, SEAT_Y, SEAT_L, SEAT_W, SEAT_F) VALUES ('SEN0023', 'SO0003', '8', 0, 250, 300 ,60, 60, 2);
INSERT INTO SEAT (SEAT_NO, SEAT_OBJ_NO, SEAT_NAME, SEAT_ISDEL, SEAT_X, SEAT_Y, SEAT_L, SEAT_W, SEAT_F) VALUES ('SEN0024', 'SO0003', '9', 0, 450, 300 ,60, 60, 2);
INSERT INTO SEAT (SEAT_NO, SEAT_OBJ_NO, SEAT_NAME, SEAT_ISDEL, SEAT_X, SEAT_Y, SEAT_L, SEAT_W, SEAT_F) VALUES ('SEN0025', 'SO0004', '10', 0, 650, 300 ,70, 70, 2);
INSERT INTO SEAT (SEAT_NO, SEAT_OBJ_NO, SEAT_NAME, SEAT_ISDEL, SEAT_X, SEAT_Y, SEAT_L, SEAT_W, SEAT_F) VALUES ('SEN0026', 'SO0004', '11', 0, 850, 300 ,70, 70, 2);
INSERT INTO SEAT (SEAT_NO, SEAT_OBJ_NO, SEAT_NAME, SEAT_ISDEL, SEAT_X, SEAT_Y, SEAT_L, SEAT_W, SEAT_F) VALUES ('SEN0027', 'SO0004', '12', 0, 1000, 300 ,70, 70, 2);
INSERT INTO SEAT (SEAT_NO, SEAT_OBJ_NO, SEAT_NAME, SEAT_ISDEL, SEAT_X, SEAT_Y, SEAT_L, SEAT_W, SEAT_F) VALUES ('SEN0028', 'SO0005', '13', 0, 50, 550 ,80, 80, 2);
INSERT INTO SEAT (SEAT_NO, SEAT_OBJ_NO, SEAT_NAME, SEAT_ISDEL, SEAT_X, SEAT_Y, SEAT_L, SEAT_W, SEAT_F) VALUES ('SEN0029', 'SO0005', '14', 0, 300, 550 ,80, 80, 2);
INSERT INTO SEAT (SEAT_NO, SEAT_OBJ_NO, SEAT_NAME, SEAT_ISDEL, SEAT_X, SEAT_Y, SEAT_L, SEAT_W, SEAT_F) VALUES ('SEN0030', 'SO0005', '15', 0, 650, 550 ,80, 80, 2);
--時段-----------------------------------------------------------------------------------------------------------------------
CREATE TABLE TIME_PERI (
    TIME_PERI_NO VARCHAR2(40) NOT NULL,
    TIME_START VARCHAR2(10) NOT NULL,
    TIME_DUR NUMBER(2) NOT NULL,
    TIME_END VARCHAR2(10),
    ISDEL_STS NUMBER(1) NOT NULL,
    TIME_STS NUMBER(1) DEFAULT(0) NOT NULL    
);

INSERT INTO TIME_PERI (TIME_PERI_NO,TIME_START,TIME_DUR,TIME_END,ISDEL_STS,TIME_STS) VALUES	('TP0001','11:00AM',2,'23:00PM',0,0);
INSERT INTO TIME_PERI (TIME_PERI_NO,TIME_START,TIME_DUR,TIME_END,ISDEL_STS,TIME_STS) VALUES	('TP0002','01:00PM',2,'23:00PM',0,0);
INSERT INTO TIME_PERI (TIME_PERI_NO,TIME_START,TIME_DUR,TIME_END,ISDEL_STS,TIME_STS) VALUES	('TP0003','03:00PM',2,'23:00PM',0,0);
INSERT INTO TIME_PERI (TIME_PERI_NO,TIME_START,TIME_DUR,TIME_END,ISDEL_STS,TIME_STS) VALUES	('TP0004','05:00PM',2,'23:00PM',0,0);
INSERT INTO TIME_PERI (TIME_PERI_NO,TIME_START,TIME_DUR,TIME_END,ISDEL_STS,TIME_STS) VALUES	('TP0005','07:00PM',2,'23:00PM',0,0);
INSERT INTO TIME_PERI (TIME_PERI_NO,TIME_START,TIME_DUR,TIME_END,ISDEL_STS,TIME_STS) VALUES	('TP0006','09:00PM',2,'23:00PM',0,0);
INSERT INTO TIME_PERI (TIME_PERI_NO,TIME_START,TIME_DUR,TIME_END,ISDEL_STS,TIME_STS) VALUES	('TP0007','11:00PM',2,'23:00PM',0,0);
--店休日----------------------------------------------------------------------------------------------------------------------
CREATE TABLE REST_DAY (
    REST_DAY_NO VARCHAR2(40) NOT NULL,
    EMP_NO VARCHAR2(40) NOT NULL,
    REST_DAY_SUP_STA DATE,
    REST_DAY_SUP_END DATE,
    TIME_PERI_NO VARCHAR2(40),
    REST_DAY_FIX NUMBER(1),
    REST_STS NUMBER(1)
);

INSERT INTO REST_DAY (REST_DAY_NO, EMP_NO, REST_DAY_SUP_STA, REST_DAY_SUP_END, TIME_PERI_NO, REST_DAY_FIX, REST_STS) VALUES ('RD0001', 'EMP0001', NULL, NULL, NULL, 0, 1);
INSERT INTO REST_DAY (REST_DAY_NO, EMP_NO, REST_DAY_SUP_STA, REST_DAY_SUP_END, TIME_PERI_NO, REST_DAY_FIX, REST_STS) VALUES ('RD0002', 'EMP0001', TO_DATE('2020-3-27','YY-MM-DD'), TO_DATE('2020-3-29','YY-MM-DD'), NULL, NULL, 2);
INSERT INTO REST_DAY (REST_DAY_NO, EMP_NO, REST_DAY_SUP_STA, REST_DAY_SUP_END, TIME_PERI_NO, REST_DAY_FIX, REST_STS) VALUES ('RD0003', 'EMP0001', TO_DATE('2020-5-27','YY-MM-DD'), NULL, 'TP0001',NULL, 1);
INSERT INTO REST_DAY (REST_DAY_NO, EMP_NO, REST_DAY_SUP_STA, REST_DAY_SUP_END, TIME_PERI_NO, REST_DAY_FIX, REST_STS) VALUES ('RD0004', 'EMP0001', TO_DATE('2020-7-27','YY-MM-DD'), NULL, 'TP0007', NULL, 1);
INSERT INTO REST_DAY (REST_DAY_NO, EMP_NO, REST_DAY_SUP_STA, REST_DAY_SUP_END, TIME_PERI_NO, REST_DAY_FIX, REST_STS) VALUES ('RD0005', 'EMP0001', TO_DATE('2020-8-14','YY-MM-DD'), TO_DATE('2020-8-14','YY-MM-DD'), 'TP0001', NULL, 3);
INSERT INTO REST_DAY (REST_DAY_NO, EMP_NO, REST_DAY_SUP_STA, REST_DAY_SUP_END, TIME_PERI_NO, REST_DAY_FIX, REST_STS) VALUES ('RD0006', 'EMP0001', TO_DATE('2020-8-27','YY-MM-DD'), NULL, 'TP0001', NULL, 3);
INSERT INTO REST_DAY (REST_DAY_NO, EMP_NO, REST_DAY_SUP_STA, REST_DAY_SUP_END, TIME_PERI_NO, REST_DAY_FIX, REST_STS) VALUES ('RD0007', 'EMP0001', TO_DATE('2020-8-27','YY-MM-DD'), NULL, 'TP0002', NULL, 3);
INSERT INTO REST_DAY (REST_DAY_NO, EMP_NO, REST_DAY_SUP_STA, REST_DAY_SUP_END, TIME_PERI_NO, REST_DAY_FIX, REST_STS) VALUES ('RD0008', 'EMP0001', TO_DATE('2020-8-27','YY-MM-DD'), NULL, 'TP0003', NULL, 3);
INSERT INTO REST_DAY (REST_DAY_NO, EMP_NO, REST_DAY_SUP_STA, REST_DAY_SUP_END, TIME_PERI_NO, REST_DAY_FIX, REST_STS) VALUES ('RD0009', 'EMP0001', TO_DATE('2020-8-28','YY-MM-DD'), TO_DATE('2020-8-30','YY-MM-DD'), NULL, NULL, 2);
--訂餐訂單-----------------------------------------------------------------------------------------------------------------------
CREATE TABLE MEAL_ORDER (
     MEAL_ORDER_NO VARCHAR2(40) NOT NULL,
     MEM_NO VARCHAR2(40),
     EMP_NO VARCHAR2(40) DEFAULT(0) NOT NULL,
     MEAL_ORDER_STS NUMBER(1) DEFAULT(1) NULL,
     AMOUNT NUMBER(5) NOT NULL,
     ORDER_TIME TIMESTAMP(6) NOT NULL,
     NOTI_STS NUMBER(1) DEFAULT(0) NOT NULL,
     PAY_STS NUMBER(1) DEFAULT(0) NOT NULL,
     PICKUP_TIME TIMESTAMP(6)
);

INSERT INTO MEAL_ORDER (MEAL_ORDER_NO,MEM_NO,EMP_NO,MEAL_ORDER_STS,AMOUNT,ORDER_TIME,NOTI_STS,PAY_STS,PICKUP_TIME) VALUES('MEO0001','MEM0001','EMP0001',4,4996,TO_TIMESTAMP('2020-01-02 12:09','YY-MM-DD hh24:mi'),1,1,TO_TIMESTAMP('2020-01-02 12:39','YY-MM-DD hh24:mi'));
INSERT INTO MEAL_ORDER (MEAL_ORDER_NO,MEM_NO,EMP_NO,MEAL_ORDER_STS,AMOUNT,ORDER_TIME,NOTI_STS,PAY_STS,PICKUP_TIME) VALUES('MEO0002','MEM0002','EMP0002',4,4306,TO_TIMESTAMP('2020-01-16 18:29','YY-MM-DD hh24:mi'),1,1,TO_TIMESTAMP('2020-01-16 18:59','YY-MM-DD hh24:mi'));
INSERT INTO MEAL_ORDER (MEAL_ORDER_NO,MEM_NO,EMP_NO,MEAL_ORDER_STS,AMOUNT,ORDER_TIME,NOTI_STS,PAY_STS,PICKUP_TIME) VALUES('MEO0003','MEM0002','EMP0002',4,4306,TO_TIMESTAMP('2020-01-16 18:29','YY-MM-DD hh24:mi'),1,1,TO_TIMESTAMP('2020-01-16 18:59','YY-MM-DD hh24:mi'));
INSERT INTO MEAL_ORDER (MEAL_ORDER_NO,MEM_NO,EMP_NO,MEAL_ORDER_STS,AMOUNT,ORDER_TIME,NOTI_STS,PAY_STS,PICKUP_TIME) VALUES('MEO0004','MEM0004','EMP0001',4,5628,TO_TIMESTAMP('2020-01-21 20:14','YY-MM-DD hh24:mi'),1,0,NULL);
INSERT INTO MEAL_ORDER (MEAL_ORDER_NO,MEM_NO,EMP_NO,MEAL_ORDER_STS,AMOUNT,ORDER_TIME,NOTI_STS,PAY_STS,PICKUP_TIME) VALUES('MEO0005','MEM0047','EMP0002',4,5406,TO_TIMESTAMP('2020-01-29 21:33','YY-MM-DD hh24:mi'),1,1,TO_TIMESTAMP('2020-01-29 22:13','YY-MM-DD hh24:mi'));

INSERT INTO MEAL_ORDER (MEAL_ORDER_NO,MEM_NO,EMP_NO,MEAL_ORDER_STS,AMOUNT,ORDER_TIME,NOTI_STS,PAY_STS,PICKUP_TIME) VALUES('MEO0006','MEM0048','EMP0001',4,5465,TO_TIMESTAMP('2020-02-02 12:09','YY-MM-DD hh24:mi'),1,1,TO_TIMESTAMP('2020-02-02 12:39','YY-MM-DD hh24:mi'));
INSERT INTO MEAL_ORDER (MEAL_ORDER_NO,MEM_NO,EMP_NO,MEAL_ORDER_STS,AMOUNT,ORDER_TIME,NOTI_STS,PAY_STS,PICKUP_TIME) VALUES('MEO0007','MEM0049','EMP0002',4,4996,TO_TIMESTAMP('2020-02-08 13:48','YY-MM-DD hh24:mi'),1,0,NULL);
INSERT INTO MEAL_ORDER (MEAL_ORDER_NO,MEM_NO,EMP_NO,MEAL_ORDER_STS,AMOUNT,ORDER_TIME,NOTI_STS,PAY_STS,PICKUP_TIME) VALUES('MEO0008','MEM0050','EMP0003',4,1287,TO_TIMESTAMP('2020-02-16 18:29','YY-MM-DD hh24:mi'),1,1,TO_TIMESTAMP('2020-02-16 18:59','YY-MM-DD hh24:mi'));
INSERT INTO MEAL_ORDER (MEAL_ORDER_NO,MEM_NO,EMP_NO,MEAL_ORDER_STS,AMOUNT,ORDER_TIME,NOTI_STS,PAY_STS,PICKUP_TIME) VALUES('MEO0009','MEM0005','EMP0001',4,4306,TO_TIMESTAMP('2020-02-21 20:14','YY-MM-DD hh24:mi'),1,0,NULL);
INSERT INTO MEAL_ORDER (MEAL_ORDER_NO,MEM_NO,EMP_NO,MEAL_ORDER_STS,AMOUNT,ORDER_TIME,NOTI_STS,PAY_STS,PICKUP_TIME) VALUES('MEO0010','MEM0006','EMP0002',4,5628,TO_TIMESTAMP('2020-02-28 21:33','YY-MM-DD hh24:mi'),1,1,TO_TIMESTAMP('2020-02-28 22:13','YY-MM-DD hh24:mi'));

INSERT INTO MEAL_ORDER (MEAL_ORDER_NO,MEM_NO,EMP_NO,MEAL_ORDER_STS,AMOUNT,ORDER_TIME,NOTI_STS,PAY_STS,PICKUP_TIME) VALUES('MEO0011','MEM0007','EMP0001',4,4306,TO_TIMESTAMP('2020-03-02 12:09','YY-MM-DD hh24:mi'),1,1,TO_TIMESTAMP('2020-03-02 12:39','YY-MM-DD hh24:mi'));
INSERT INTO MEAL_ORDER (MEAL_ORDER_NO,MEM_NO,EMP_NO,MEAL_ORDER_STS,AMOUNT,ORDER_TIME,NOTI_STS,PAY_STS,PICKUP_TIME) VALUES('MEO0012','MEM0008','EMP0002',4,5406,TO_TIMESTAMP('2020-03-08 13:48','YY-MM-DD hh24:mi'),1,0,NULL);
INSERT INTO MEAL_ORDER (MEAL_ORDER_NO,MEM_NO,EMP_NO,MEAL_ORDER_STS,AMOUNT,ORDER_TIME,NOTI_STS,PAY_STS,PICKUP_TIME) VALUES('MEO0013','MEM0009','EMP0003',4,5628,TO_TIMESTAMP('2020-03-16 18:29','YY-MM-DD hh24:mi'),1,1,TO_TIMESTAMP('2020-03-16 18:59','YY-MM-DD hh24:mi'));
INSERT INTO MEAL_ORDER (MEAL_ORDER_NO,MEM_NO,EMP_NO,MEAL_ORDER_STS,AMOUNT,ORDER_TIME,NOTI_STS,PAY_STS,PICKUP_TIME) VALUES('MEO0014','MEM0010','EMP0001',4,2780,TO_TIMESTAMP('2020-03-21 20:14','YY-MM-DD hh24:mi'),1,0,NULL);
INSERT INTO MEAL_ORDER (MEAL_ORDER_NO,MEM_NO,EMP_NO,MEAL_ORDER_STS,AMOUNT,ORDER_TIME,NOTI_STS,PAY_STS,PICKUP_TIME) VALUES('MEO0015','MEM0011','EMP0002',4,4996,TO_TIMESTAMP('2020-03-29 21:33','YY-MM-DD hh24:mi'),1,1,TO_TIMESTAMP('2020-03-29 22:13','YY-MM-DD hh24:mi'));

INSERT INTO MEAL_ORDER (MEAL_ORDER_NO,MEM_NO,EMP_NO,MEAL_ORDER_STS,AMOUNT,ORDER_TIME,NOTI_STS,PAY_STS,PICKUP_TIME) VALUES('MEO0016','MEM0012','EMP0001',4,5288,TO_TIMESTAMP('2020-04-02 12:09','YY-MM-DD hh24:mi'),1,1,TO_TIMESTAMP('2020-04-02 12:39','YY-MM-DD hh24:mi'));
INSERT INTO MEAL_ORDER (MEAL_ORDER_NO,MEM_NO,EMP_NO,MEAL_ORDER_STS,AMOUNT,ORDER_TIME,NOTI_STS,PAY_STS,PICKUP_TIME) VALUES('MEO0017','MEM0013','EMP0002',4,2820,TO_TIMESTAMP('2020-04-08 13:48','YY-MM-DD hh24:mi'),1,0,NULL);
INSERT INTO MEAL_ORDER (MEAL_ORDER_NO,MEM_NO,EMP_NO,MEAL_ORDER_STS,AMOUNT,ORDER_TIME,NOTI_STS,PAY_STS,PICKUP_TIME) VALUES('MEO0018','MEM0014','EMP0003',4,4326,TO_TIMESTAMP('2020-04-16 18:29','YY-MM-DD hh24:mi'),1,1,TO_TIMESTAMP('2020-04-16 18:59','YY-MM-DD hh24:mi'));
INSERT INTO MEAL_ORDER (MEAL_ORDER_NO,MEM_NO,EMP_NO,MEAL_ORDER_STS,AMOUNT,ORDER_TIME,NOTI_STS,PAY_STS,PICKUP_TIME) VALUES('MEO0019','MEM0015','EMP0001',4,3720,TO_TIMESTAMP('2020-04-21 20:14','YY-MM-DD hh24:mi'),1,0,NULL);
INSERT INTO MEAL_ORDER (MEAL_ORDER_NO,MEM_NO,EMP_NO,MEAL_ORDER_STS,AMOUNT,ORDER_TIME,NOTI_STS,PAY_STS,PICKUP_TIME) VALUES('MEO0020','MEM0016','EMP0002',4,2880,TO_TIMESTAMP('2020-04-29 21:33','YY-MM-DD hh24:mi'),1,1,TO_TIMESTAMP('2020-04-29 22:13','YY-MM-DD hh24:mi'));

INSERT INTO MEAL_ORDER (MEAL_ORDER_NO,MEM_NO,EMP_NO,MEAL_ORDER_STS,AMOUNT,ORDER_TIME,NOTI_STS,PAY_STS,PICKUP_TIME) VALUES('MEO0021','MEM0017','EMP0001',4,2820,TO_TIMESTAMP('2020-05-02 12:09','YY-MM-DD hh24:mi'),1,1,TO_TIMESTAMP('2020-05-02 12:39','YY-MM-DD hh24:mi'));
INSERT INTO MEAL_ORDER (MEAL_ORDER_NO,MEM_NO,EMP_NO,MEAL_ORDER_STS,AMOUNT,ORDER_TIME,NOTI_STS,PAY_STS,PICKUP_TIME) VALUES('MEO0022','MEM0018','EMP0002',4,2820,TO_TIMESTAMP('2020-05-08 13:48','YY-MM-DD hh24:mi'),1,0,NULL);
INSERT INTO MEAL_ORDER (MEAL_ORDER_NO,MEM_NO,EMP_NO,MEAL_ORDER_STS,AMOUNT,ORDER_TIME,NOTI_STS,PAY_STS,PICKUP_TIME) VALUES('MEO0023','MEM0019','EMP0003',4,4326,TO_TIMESTAMP('2020-05-16 18:29','YY-MM-DD hh24:mi'),1,1,TO_TIMESTAMP('2020-05-16 18:59','YY-MM-DD hh24:mi'));
INSERT INTO MEAL_ORDER (MEAL_ORDER_NO,MEM_NO,EMP_NO,MEAL_ORDER_STS,AMOUNT,ORDER_TIME,NOTI_STS,PAY_STS,PICKUP_TIME) VALUES('MEO0024','MEM0020','EMP0001',4,4996,TO_TIMESTAMP('2020-05-21 20:14','YY-MM-DD hh24:mi'),1,0,NULL);
INSERT INTO MEAL_ORDER (MEAL_ORDER_NO,MEM_NO,EMP_NO,MEAL_ORDER_STS,AMOUNT,ORDER_TIME,NOTI_STS,PAY_STS,PICKUP_TIME) VALUES('MEO0025','MEM0021','EMP0002',4,5628,TO_TIMESTAMP('2020-05-29 21:33','YY-MM-DD hh24:mi'),1,1,TO_TIMESTAMP('2020-05-29 22:13','YY-MM-DD hh24:mi'));

INSERT INTO MEAL_ORDER (MEAL_ORDER_NO,MEM_NO,EMP_NO,MEAL_ORDER_STS,AMOUNT,ORDER_TIME,NOTI_STS,PAY_STS,PICKUP_TIME) VALUES('MEO0026','MEM0022','EMP0001',4,3720,TO_TIMESTAMP('2020-06-02 12:09','YY-MM-DD hh24:mi'),1,1,TO_TIMESTAMP('2020-06-02 12:39','YY-MM-DD hh24:mi'));
INSERT INTO MEAL_ORDER (MEAL_ORDER_NO,MEM_NO,EMP_NO,MEAL_ORDER_STS,AMOUNT,ORDER_TIME,NOTI_STS,PAY_STS,PICKUP_TIME) VALUES('MEO0027','MEM0023','EMP0002',4,2820,TO_TIMESTAMP('2020-06-08 13:48','YY-MM-DD hh24:mi'),1,0,NULL);
INSERT INTO MEAL_ORDER (MEAL_ORDER_NO,MEM_NO,EMP_NO,MEAL_ORDER_STS,AMOUNT,ORDER_TIME,NOTI_STS,PAY_STS,PICKUP_TIME) VALUES('MEO0028','MEM0024','EMP0003',4,2426,TO_TIMESTAMP('2020-06-16 18:29','YY-MM-DD hh24:mi'),1,1,TO_TIMESTAMP('2020-06-16 18:59','YY-MM-DD hh24:mi'));
INSERT INTO MEAL_ORDER (MEAL_ORDER_NO,MEM_NO,EMP_NO,MEAL_ORDER_STS,AMOUNT,ORDER_TIME,NOTI_STS,PAY_STS,PICKUP_TIME) VALUES('MEO0029','MEM0025','EMP0001',4,3779,TO_TIMESTAMP('2020-06-21 20:14','YY-MM-DD hh24:mi'),1,0,NULL);
INSERT INTO MEAL_ORDER (MEAL_ORDER_NO,MEM_NO,EMP_NO,MEAL_ORDER_STS,AMOUNT,ORDER_TIME,NOTI_STS,PAY_STS,PICKUP_TIME) VALUES('MEO0030','MEM0026','EMP0002',4,5456,TO_TIMESTAMP('2020-06-29 21:33','YY-MM-DD hh24:mi'),1,1,TO_TIMESTAMP('2020-06-29 22:13','YY-MM-DD hh24:mi'));

INSERT INTO MEAL_ORDER (MEAL_ORDER_NO,MEM_NO,EMP_NO,MEAL_ORDER_STS,AMOUNT,ORDER_TIME,NOTI_STS,PAY_STS,PICKUP_TIME) VALUES('MEO0031','MEM0027','EMP0001',4,2925,TO_TIMESTAMP('2020-07-02 12:09','YY-MM-DD hh24:mi'),1,1,TO_TIMESTAMP('2020-07-02 12:39','YY-MM-DD hh24:mi'));
INSERT INTO MEAL_ORDER (MEAL_ORDER_NO,MEM_NO,EMP_NO,MEAL_ORDER_STS,AMOUNT,ORDER_TIME,NOTI_STS,PAY_STS,PICKUP_TIME) VALUES('MEO0032','MEM0028','EMP0002',4,1699,TO_TIMESTAMP('2020-07-08 13:48','YY-MM-DD hh24:mi'),1,0,NULL);
INSERT INTO MEAL_ORDER (MEAL_ORDER_NO,MEM_NO,EMP_NO,MEAL_ORDER_STS,AMOUNT,ORDER_TIME,NOTI_STS,PAY_STS,PICKUP_TIME) VALUES('MEO0033','MEM0029','EMP0003',4,3888,TO_TIMESTAMP('2020-07-16 18:29','YY-MM-DD hh24:mi'),1,1,TO_TIMESTAMP('2020-07-16 18:59','YY-MM-DD hh24:mi'));
INSERT INTO MEAL_ORDER (MEAL_ORDER_NO,MEM_NO,EMP_NO,MEAL_ORDER_STS,AMOUNT,ORDER_TIME,NOTI_STS,PAY_STS,PICKUP_TIME) VALUES('MEO0034','MEM0030','EMP0001',4,4890,TO_TIMESTAMP('2020-07-21 20:14','YY-MM-DD hh24:mi'),1,0,NULL);
INSERT INTO MEAL_ORDER (MEAL_ORDER_NO,MEM_NO,EMP_NO,MEAL_ORDER_STS,AMOUNT,ORDER_TIME,NOTI_STS,PAY_STS,PICKUP_TIME) VALUES('MEO0035','MEM0031','EMP0002',4,3560,TO_TIMESTAMP('2020-07-29 21:33','YY-MM-DD hh24:mi'),1,1,TO_TIMESTAMP('2020-07-29 22:13','YY-MM-DD hh24:mi'));

INSERT INTO MEAL_ORDER (MEAL_ORDER_NO,MEM_NO,EMP_NO,MEAL_ORDER_STS,AMOUNT,ORDER_TIME,NOTI_STS,PAY_STS,PICKUP_TIME) VALUES('MEO0036','MEM0032','EMP0001',4,4970,TO_TIMESTAMP('2020-08-02 12:09','YY-MM-DD hh24:mi'),1,1,TO_TIMESTAMP('2020-08-02 12:39','YY-MM-DD hh24:mi'));
INSERT INTO MEAL_ORDER (MEAL_ORDER_NO,MEM_NO,EMP_NO,MEAL_ORDER_STS,AMOUNT,ORDER_TIME,NOTI_STS,PAY_STS,PICKUP_TIME) VALUES('MEO0037','MEM0033','EMP0002',4,2820,TO_TIMESTAMP('2020-08-08 13:48','YY-MM-DD hh24:mi'),1,0,NULL);
INSERT INTO MEAL_ORDER (MEAL_ORDER_NO,MEM_NO,EMP_NO,MEAL_ORDER_STS,AMOUNT,ORDER_TIME,NOTI_STS,PAY_STS,PICKUP_TIME) VALUES('MEO0038','MEM0034','EMP0003',4,3820,TO_TIMESTAMP('2020-08-16 18:29','YY-MM-DD hh24:mi'),1,1,TO_TIMESTAMP('2020-08-16 18:59','YY-MM-DD hh24:mi'));
INSERT INTO MEAL_ORDER (MEAL_ORDER_NO,MEM_NO,EMP_NO,MEAL_ORDER_STS,AMOUNT,ORDER_TIME,NOTI_STS,PAY_STS,PICKUP_TIME) VALUES('MEO0039','MEM0035','EMP0001',4,1670,TO_TIMESTAMP('2020-08-21 20:14','YY-MM-DD hh24:mi'),1,0,NULL);
INSERT INTO MEAL_ORDER (MEAL_ORDER_NO,MEM_NO,EMP_NO,MEAL_ORDER_STS,AMOUNT,ORDER_TIME,NOTI_STS,PAY_STS,PICKUP_TIME) VALUES('MEO0040','MEM0036','EMP0002',4,4996,TO_TIMESTAMP('2020-08-29 21:33','YY-MM-DD hh24:mi'),1,1,TO_TIMESTAMP('2020-08-29 22:13','YY-MM-DD hh24:mi'));

INSERT INTO MEAL_ORDER (MEAL_ORDER_NO,MEM_NO,EMP_NO,MEAL_ORDER_STS,AMOUNT,ORDER_TIME,NOTI_STS,PAY_STS,PICKUP_TIME) VALUES('MEO0041','MEM0037','EMP0001',4,3967,TO_TIMESTAMP('2020-09-02 12:09','YY-MM-DD hh24:mi'),1,1,TO_TIMESTAMP('2020-09-02 12:39','YY-MM-DD hh24:mi'));
INSERT INTO MEAL_ORDER (MEAL_ORDER_NO,MEM_NO,EMP_NO,MEAL_ORDER_STS,AMOUNT,ORDER_TIME,NOTI_STS,PAY_STS,PICKUP_TIME) VALUES('MEO0042','MEM0038','EMP0002',4,2820,TO_TIMESTAMP('2020-09-08 13:48','YY-MM-DD hh24:mi'),1,0,NULL);
INSERT INTO MEAL_ORDER (MEAL_ORDER_NO,MEM_NO,EMP_NO,MEAL_ORDER_STS,AMOUNT,ORDER_TIME,NOTI_STS,PAY_STS,PICKUP_TIME) VALUES('MEO0043','MEM0039','EMP0003',4,4255,TO_TIMESTAMP('2020-09-16 18:29','YY-MM-DD hh24:mi'),1,1,TO_TIMESTAMP('2020-09-16 18:59','YY-MM-DD hh24:mi'));
INSERT INTO MEAL_ORDER (MEAL_ORDER_NO,MEM_NO,EMP_NO,MEAL_ORDER_STS,AMOUNT,ORDER_TIME,NOTI_STS,PAY_STS,PICKUP_TIME) VALUES('MEO0044','MEM0040','EMP0001',4,5288,TO_TIMESTAMP('2020-09-21 20:14','YY-MM-DD hh24:mi'),1,0,NULL);
INSERT INTO MEAL_ORDER (MEAL_ORDER_NO,MEM_NO,EMP_NO,MEAL_ORDER_STS,AMOUNT,ORDER_TIME,NOTI_STS,PAY_STS,PICKUP_TIME) VALUES('MEO0045','MEM0041','EMP0002',4,5960,TO_TIMESTAMP('2020-09-29 21:33','YY-MM-DD hh24:mi'),1,1,TO_TIMESTAMP('2020-09-29 22:13','YY-MM-DD hh24:mi'));

INSERT INTO MEAL_ORDER (MEAL_ORDER_NO,MEM_NO,EMP_NO,MEAL_ORDER_STS,AMOUNT,ORDER_TIME,NOTI_STS,PAY_STS,PICKUP_TIME) VALUES('MEO0046','MEM0042','EMP0001',4,3788,TO_TIMESTAMP('2020-10-02 12:09','YY-MM-DD hh24:mi'),1,1,TO_TIMESTAMP('2020-10-02 12:39','YY-MM-DD hh24:mi'));
INSERT INTO MEAL_ORDER (MEAL_ORDER_NO,MEM_NO,EMP_NO,MEAL_ORDER_STS,AMOUNT,ORDER_TIME,NOTI_STS,PAY_STS,PICKUP_TIME) VALUES('MEO0047','MEM0043','EMP0002',4,2820,TO_TIMESTAMP('2020-10-08 13:48','YY-MM-DD hh24:mi'),1,0,NULL);
INSERT INTO MEAL_ORDER (MEAL_ORDER_NO,MEM_NO,EMP_NO,MEAL_ORDER_STS,AMOUNT,ORDER_TIME,NOTI_STS,PAY_STS,PICKUP_TIME) VALUES('MEO0048','MEM0044','EMP0003',4,4608,TO_TIMESTAMP('2020-10-16 18:29','YY-MM-DD hh24:mi'),1,1,TO_TIMESTAMP('2020-10-16 18:59','YY-MM-DD hh24:mi'));
INSERT INTO MEAL_ORDER (MEAL_ORDER_NO,MEM_NO,EMP_NO,MEAL_ORDER_STS,AMOUNT,ORDER_TIME,NOTI_STS,PAY_STS,PICKUP_TIME) VALUES('MEO0049','MEM0045','EMP0001',4,5152,TO_TIMESTAMP('2020-10-21 20:14','YY-MM-DD hh24:mi'),0,0,NULL);
INSERT INTO MEAL_ORDER (MEAL_ORDER_NO,MEM_NO,EMP_NO,MEAL_ORDER_STS,AMOUNT,ORDER_TIME,NOTI_STS,PAY_STS,PICKUP_TIME) VALUES('MEO0050','MEM0046','EMP0002',4,2890,TO_TIMESTAMP('2020-10-29 21:33','YY-MM-DD hh24:mi'),1,1,TO_TIMESTAMP('2020-10-29 22:13','YY-MM-DD hh24:mi'));

INSERT INTO MEAL_ORDER (MEAL_ORDER_NO,MEM_NO,EMP_NO,MEAL_ORDER_STS,AMOUNT,ORDER_TIME,NOTI_STS,PAY_STS,PICKUP_TIME) VALUES('MEO0051','MEM0001','EMP0001',1,1989,TO_TIMESTAMP('2020-11-02 12:09','YY-MM-DD hh24:mi'),0,1,TO_TIMESTAMP('2020-11-02 12:39','YY-MM-DD hh24:mi'));
INSERT INTO MEAL_ORDER (MEAL_ORDER_NO,MEM_NO,EMP_NO,MEAL_ORDER_STS,AMOUNT,ORDER_TIME,NOTI_STS,PAY_STS,PICKUP_TIME) VALUES('MEO0052','MEM0002','EMP0002',1,3805,TO_TIMESTAMP('2020-11-08 13:48','YY-MM-DD hh24:mi'),0,0,NULL);
INSERT INTO MEAL_ORDER (MEAL_ORDER_NO,MEM_NO,EMP_NO,MEAL_ORDER_STS,AMOUNT,ORDER_TIME,NOTI_STS,PAY_STS,PICKUP_TIME) VALUES('MEO0053','MEM0003','EMP0003',1,3958,TO_TIMESTAMP('2020-11-16 18:29','YY-MM-DD hh24:mi'),0,1,TO_TIMESTAMP('2020-11-16 18:59','YY-MM-DD hh24:mi'));
INSERT INTO MEAL_ORDER (MEAL_ORDER_NO,MEM_NO,EMP_NO,MEAL_ORDER_STS,AMOUNT,ORDER_TIME,NOTI_STS,PAY_STS,PICKUP_TIME) VALUES('MEO0054','MEM0004','EMP0001',1,4996,TO_TIMESTAMP('2020-11-21 20:14','YY-MM-DD hh24:mi'),0,0,NULL);
INSERT INTO MEAL_ORDER (MEAL_ORDER_NO,MEM_NO,EMP_NO,MEAL_ORDER_STS,AMOUNT,ORDER_TIME,NOTI_STS,PAY_STS,PICKUP_TIME) VALUES('MEO0055','MEM0005','EMP0002',1,5280,TO_TIMESTAMP('2020-11-29 21:33','YY-MM-DD hh24:mi'),0,1,TO_TIMESTAMP('2020-11-29 22:13','YY-MM-DD hh24:mi'));

INSERT INTO MEAL_ORDER (MEAL_ORDER_NO,MEM_NO,EMP_NO,MEAL_ORDER_STS,AMOUNT,ORDER_TIME,NOTI_STS,PAY_STS,PICKUP_TIME) VALUES('MEO0056','MEM0006','EMP0001',1,4306,TO_TIMESTAMP('2020-12-02 12:09','YY-MM-DD hh24:mi'),0,1,TO_TIMESTAMP('2020-12-02 12:39','YY-MM-DD hh24:mi'));
INSERT INTO MEAL_ORDER (MEAL_ORDER_NO,MEM_NO,EMP_NO,MEAL_ORDER_STS,AMOUNT,ORDER_TIME,NOTI_STS,PAY_STS,PICKUP_TIME) VALUES('MEO0057','MEM0007','EMP0002',1,2820,TO_TIMESTAMP('2020-12-08 13:48','YY-MM-DD hh24:mi'),0,0,NULL);
INSERT INTO MEAL_ORDER (MEAL_ORDER_NO,MEM_NO,EMP_NO,MEAL_ORDER_STS,AMOUNT,ORDER_TIME,NOTI_STS,PAY_STS,PICKUP_TIME) VALUES('MEO0058','MEM0008','EMP0003',1,5820,TO_TIMESTAMP('2020-12-16 18:29','YY-MM-DD hh24:mi'),0,1,TO_TIMESTAMP('2020-12-16 18:59','YY-MM-DD hh24:mi'));
INSERT INTO MEAL_ORDER (MEAL_ORDER_NO,MEM_NO,EMP_NO,MEAL_ORDER_STS,AMOUNT,ORDER_TIME,NOTI_STS,PAY_STS,PICKUP_TIME) VALUES('MEO0059','MEM0009','EMP0001',1,4306,TO_TIMESTAMP('2020-12-21 20:14','YY-MM-DD hh24:mi'),0,0,NULL);
INSERT INTO MEAL_ORDER (MEAL_ORDER_NO,MEM_NO,EMP_NO,MEAL_ORDER_STS,AMOUNT,ORDER_TIME,NOTI_STS,PAY_STS,PICKUP_TIME) VALUES('MEO0060','MEM0010','EMP0002',1,6680,TO_TIMESTAMP('2020-12-29 21:33','YY-MM-DD hh24:mi'),0,1,TO_TIMESTAMP('2020-12-29 22:13','YY-MM-DD hh24:mi'));


--訂餐明細----------------------------------------------------------------------------------------------------------------------
CREATE TABLE MEAL_ORDER_DETAIL (
    MEAL_ORDER_DETAIL_NO VARCHAR2(40) NOT NULL,
    MEAL_ORDER_NO VARCHAR2(40) NOT NULL,
    MEAL_NO VARCHAR2(40),
    MEAL_SET_NO VARCHAR2(40),
    QTY NUMBER(3) DEFAULT(1) NOT NULL,
    DETAIL_AMOUNT NUMBER(5) NOT NULL,
    ASGN_STS NUMBER(1) DEFAULT(0) NOT NULL,
    MEAL_NAME VARCHAR2(40)
);

INSERT INTO MEAL_ORDER_DETAIL (MEAL_ORDER_DETAIL_NO,MEAL_ORDER_NO,MEAL_NO,MEAL_SET_NO,QTY,DETAIL_AMOUNT,ASGN_STS,MEAL_NAME) VALUES ('MOD0001','MEO0001','MEAL0001',NULL,2,680,0,'麻辣火鍋');
INSERT INTO MEAL_ORDER_DETAIL (MEAL_ORDER_DETAIL_NO,MEAL_ORDER_NO,MEAL_NO,MEAL_SET_NO,QTY,DETAIL_AMOUNT,ASGN_STS,MEAL_NAME) VALUES ('MOD0002','MEO0001','MEAL0004',NULL,1,380,0,'雪花牛肉');
INSERT INTO MEAL_ORDER_DETAIL (MEAL_ORDER_DETAIL_NO,MEAL_ORDER_NO,MEAL_NO,MEAL_SET_NO,QTY,DETAIL_AMOUNT,ASGN_STS,MEAL_NAME) VALUES ('MOD0003','MEO0001','MEAL0006',NULL,4,99,0,'肥腸');
INSERT INTO MEAL_ORDER_DETAIL (MEAL_ORDER_DETAIL_NO,MEAL_ORDER_NO,MEAL_NO,MEAL_SET_NO,QTY,DETAIL_AMOUNT,ASGN_STS,MEAL_NAME) VALUES ('MOD0004','MEO0001',NULL,'MES0001',1,1080,0,'麻辣火鍋套餐');
INSERT INTO MEAL_ORDER_DETAIL (MEAL_ORDER_DETAIL_NO,MEAL_ORDER_NO,MEAL_NO,MEAL_SET_NO,QTY,DETAIL_AMOUNT,ASGN_STS,MEAL_NAME) VALUES ('MOD0005','MEO0001',NULL,'MES0002',1,1780,0,'養生火鍋套餐');

INSERT INTO MEAL_ORDER_DETAIL (MEAL_ORDER_DETAIL_NO,MEAL_ORDER_NO,MEAL_NO,MEAL_SET_NO,QTY,DETAIL_AMOUNT,ASGN_STS,MEAL_NAME) VALUES ('MOD0006','MEO0002','MEAL0002',NULL,1,780,0,'養生火鍋');
INSERT INTO MEAL_ORDER_DETAIL (MEAL_ORDER_DETAIL_NO,MEAL_ORDER_NO,MEAL_NO,MEAL_SET_NO,QTY,DETAIL_AMOUNT,ASGN_STS,MEAL_NAME) VALUES ('MOD0007','MEO0002','MEAL0005',NULL,1,180,0,'梅花豬肉');
INSERT INTO MEAL_ORDER_DETAIL (MEAL_ORDER_DETAIL_NO,MEAL_ORDER_NO,MEAL_NO,MEAL_SET_NO,QTY,DETAIL_AMOUNT,ASGN_STS,MEAL_NAME) VALUES ('MOD0008','MEO0002','MEAL0006',NULL,3,99,0,'肥腸');
INSERT INTO MEAL_ORDER_DETAIL (MEAL_ORDER_DETAIL_NO,MEAL_ORDER_NO,MEAL_NO,MEAL_SET_NO,QTY,DETAIL_AMOUNT,ASGN_STS,MEAL_NAME) VALUES ('MOD0009','MEO0002',NULL,'MES0003',1,1888,0,'鴛鴦火鍋套餐');
INSERT INTO MEAL_ORDER_DETAIL (MEAL_ORDER_DETAIL_NO,MEAL_ORDER_NO,MEAL_NO,MEAL_SET_NO,QTY,DETAIL_AMOUNT,ASGN_STS,MEAL_NAME) VALUES ('MOD0010','MEO0002',NULL,'MES0002',1,1780,0,'養生火鍋套餐');

INSERT INTO MEAL_ORDER_DETAIL (MEAL_ORDER_DETAIL_NO,MEAL_ORDER_NO,MEAL_NO,MEAL_SET_NO,QTY,DETAIL_AMOUNT,ASGN_STS,MEAL_NAME) VALUES ('MOD0011','MEO0003','MEAL0001',NULL,1,780,0,'養生火鍋');
INSERT INTO MEAL_ORDER_DETAIL (MEAL_ORDER_DETAIL_NO,MEAL_ORDER_NO,MEAL_NO,MEAL_SET_NO,QTY,DETAIL_AMOUNT,ASGN_STS,MEAL_NAME) VALUES ('MOD0012','MEO0003','MEAL0005',NULL,2,180,0,'梅花豬肉');
INSERT INTO MEAL_ORDER_DETAIL (MEAL_ORDER_DETAIL_NO,MEAL_ORDER_NO,MEAL_NO,MEAL_SET_NO,QTY,DETAIL_AMOUNT,ASGN_STS,MEAL_NAME) VALUES ('MOD0013','MEO0003','MEAL0007',NULL,2,99,0,'牛筋');
INSERT INTO MEAL_ORDER_DETAIL (MEAL_ORDER_DETAIL_NO,MEAL_ORDER_NO,MEAL_NO,MEAL_SET_NO,QTY,DETAIL_AMOUNT,ASGN_STS,MEAL_NAME) VALUES ('MOD0014','MEO0003',NULL,'MES0001',1,1080,0,'麻辣火鍋套餐');
INSERT INTO MEAL_ORDER_DETAIL (MEAL_ORDER_DETAIL_NO,MEAL_ORDER_NO,MEAL_NO,MEAL_SET_NO,QTY,DETAIL_AMOUNT,ASGN_STS,MEAL_NAME) VALUES ('MOD0015','MEO0003',NULL,'MES0003',1,1888,0,'鴛鴦火鍋套餐');

INSERT INTO MEAL_ORDER_DETAIL (MEAL_ORDER_DETAIL_NO,MEAL_ORDER_NO,MEAL_NO,MEAL_SET_NO,QTY,DETAIL_AMOUNT,ASGN_STS,MEAL_NAME) VALUES ('MOD0016','MEO0004','MEAL0001',NULL,1,780,0,'養生火鍋');
INSERT INTO MEAL_ORDER_DETAIL (MEAL_ORDER_DETAIL_NO,MEAL_ORDER_NO,MEAL_NO,MEAL_SET_NO,QTY,DETAIL_AMOUNT,ASGN_STS,MEAL_NAME) VALUES ('MOD0017','MEO0004','MEAL0004',NULL,4,380,0,'雪花牛肉');
INSERT INTO MEAL_ORDER_DETAIL (MEAL_ORDER_DETAIL_NO,MEAL_ORDER_NO,MEAL_NO,MEAL_SET_NO,QTY,DETAIL_AMOUNT,ASGN_STS,MEAL_NAME) VALUES ('MOD0018','MEO0004','MEAL0005',NULL,2,180,0,'梅花豬肉');
INSERT INTO MEAL_ORDER_DETAIL (MEAL_ORDER_DETAIL_NO,MEAL_ORDER_NO,MEAL_NO,MEAL_SET_NO,QTY,DETAIL_AMOUNT,ASGN_STS,MEAL_NAME) VALUES ('MOD0019','MEO0004',NULL,'MES0001',1,1080,0,'麻辣火鍋套餐');
INSERT INTO MEAL_ORDER_DETAIL (MEAL_ORDER_DETAIL_NO,MEAL_ORDER_NO,MEAL_NO,MEAL_SET_NO,QTY,DETAIL_AMOUNT,ASGN_STS,MEAL_NAME) VALUES ('MOD0020','MEO0004',NULL,'MES0003',1,1888,0,'鴛鴦火鍋套餐');

INSERT INTO MEAL_ORDER_DETAIL (MEAL_ORDER_DETAIL_NO,MEAL_ORDER_NO,MEAL_NO,MEAL_SET_NO,QTY,DETAIL_AMOUNT,ASGN_STS,MEAL_NAME) VALUES ('MOD0021','MEO0005','MEAL0003',NULL,1,780,0,'鴛鴦火鍋');
INSERT INTO MEAL_ORDER_DETAIL (MEAL_ORDER_DETAIL_NO,MEAL_ORDER_NO,MEAL_NO,MEAL_SET_NO,QTY,DETAIL_AMOUNT,ASGN_STS,MEAL_NAME) VALUES ('MOD0022','MEO0005','MEAL0004',NULL,2,380,0,'雪花牛肉');
INSERT INTO MEAL_ORDER_DETAIL (MEAL_ORDER_DETAIL_NO,MEAL_ORDER_NO,MEAL_NO,MEAL_SET_NO,QTY,DETAIL_AMOUNT,ASGN_STS,MEAL_NAME) VALUES ('MOD0023','MEO0005','MEAL0007',NULL,2,99,0,'牛筋');
INSERT INTO MEAL_ORDER_DETAIL (MEAL_ORDER_DETAIL_NO,MEAL_ORDER_NO,MEAL_NO,MEAL_SET_NO,QTY,DETAIL_AMOUNT,ASGN_STS,MEAL_NAME) VALUES ('MOD0024','MEO0005',NULL,'MES0002',1,1780,0,'養生火鍋套餐');
INSERT INTO MEAL_ORDER_DETAIL (MEAL_ORDER_DETAIL_NO,MEAL_ORDER_NO,MEAL_NO,MEAL_SET_NO,QTY,DETAIL_AMOUNT,ASGN_STS,MEAL_NAME) VALUES ('MOD0025','MEO0005',NULL,'MES0003',1,1888,0,'鴛鴦火鍋套餐');

INSERT INTO MEAL_ORDER_DETAIL (MEAL_ORDER_DETAIL_NO,MEAL_ORDER_NO,MEAL_NO,MEAL_SET_NO,QTY,DETAIL_AMOUNT,ASGN_STS,MEAL_NAME) VALUES ('MOD0026','MEO0006','MEAL0003',NULL,1,780,0,'鴛鴦火鍋');
INSERT INTO MEAL_ORDER_DETAIL (MEAL_ORDER_DETAIL_NO,MEAL_ORDER_NO,MEAL_NO,MEAL_SET_NO,QTY,DETAIL_AMOUNT,ASGN_STS,MEAL_NAME) VALUES ('MOD0027','MEO0006','MEAL0005',NULL,4,180,0,'梅花豬肉');
INSERT INTO MEAL_ORDER_DETAIL (MEAL_ORDER_DETAIL_NO,MEAL_ORDER_NO,MEAL_NO,MEAL_SET_NO,QTY,DETAIL_AMOUNT,ASGN_STS,MEAL_NAME) VALUES ('MOD0028','MEO0006','MEAL0006',NULL,3,99,0,'肥腸');
INSERT INTO MEAL_ORDER_DETAIL (MEAL_ORDER_DETAIL_NO,MEAL_ORDER_NO,MEAL_NO,MEAL_SET_NO,QTY,DETAIL_AMOUNT,ASGN_STS,MEAL_NAME) VALUES ('MOD0029','MEO0006',NULL,'MES0002',1,1780,0,'養生火鍋套餐');
INSERT INTO MEAL_ORDER_DETAIL (MEAL_ORDER_DETAIL_NO,MEAL_ORDER_NO,MEAL_NO,MEAL_SET_NO,QTY,DETAIL_AMOUNT,ASGN_STS,MEAL_NAME) VALUES ('MOD0030','MEO0006',NULL,'MES0003',1,1888,0,'鴛鴦火鍋套餐');

INSERT INTO MEAL_ORDER_DETAIL (MEAL_ORDER_DETAIL_NO,MEAL_ORDER_NO,MEAL_NO,MEAL_SET_NO,QTY,DETAIL_AMOUNT,ASGN_STS,MEAL_NAME) VALUES ('MOD0031','MEO0007','MEAL0003',NULL,1,780,0,'鴛鴦火鍋');
INSERT INTO MEAL_ORDER_DETAIL (MEAL_ORDER_DETAIL_NO,MEAL_ORDER_NO,MEAL_NO,MEAL_SET_NO,QTY,DETAIL_AMOUNT,ASGN_STS,MEAL_NAME) VALUES ('MOD0032','MEO0007','MEAL0004',NULL,2,380,0,'雪花牛肉');
INSERT INTO MEAL_ORDER_DETAIL (MEAL_ORDER_DETAIL_NO,MEAL_ORDER_NO,MEAL_NO,MEAL_SET_NO,QTY,DETAIL_AMOUNT,ASGN_STS,MEAL_NAME) VALUES ('MOD0033','MEO0007','MEAL0007',NULL,2,99,0,'牛筋');

INSERT INTO MEAL_ORDER_DETAIL (MEAL_ORDER_DETAIL_NO,MEAL_ORDER_NO,MEAL_NO,MEAL_SET_NO,QTY,DETAIL_AMOUNT,ASGN_STS,MEAL_NAME) VALUES ('MOD0034','MEO0008','MEAL0001',NULL,1,680,0,'麻辣火鍋');
INSERT INTO MEAL_ORDER_DETAIL (MEAL_ORDER_DETAIL_NO,MEAL_ORDER_NO,MEAL_NO,MEAL_SET_NO,QTY,DETAIL_AMOUNT,ASGN_STS,MEAL_NAME) VALUES ('MOD0035','MEO0008','MEAL0004',NULL,2,380,0,'雪花牛肉');
INSERT INTO MEAL_ORDER_DETAIL (MEAL_ORDER_DETAIL_NO,MEAL_ORDER_NO,MEAL_NO,MEAL_SET_NO,QTY,DETAIL_AMOUNT,ASGN_STS,MEAL_NAME) VALUES ('MOD0036','MEO0008','MEAL0006',NULL,2,99,0,'肥腸');

INSERT INTO MEAL_ORDER_DETAIL (MEAL_ORDER_DETAIL_NO,MEAL_ORDER_NO,MEAL_NO,MEAL_SET_NO,QTY,DETAIL_AMOUNT,ASGN_STS,MEAL_NAME) VALUES ('MOD0037','MEO0009','MEAL0006',NULL,3,99,0,'肥腸');
INSERT INTO MEAL_ORDER_DETAIL (MEAL_ORDER_DETAIL_NO,MEAL_ORDER_NO,MEAL_NO,MEAL_SET_NO,QTY,DETAIL_AMOUNT,ASGN_STS,MEAL_NAME) VALUES ('MOD0038','MEO0009',NULL,'MES0002',1,1780,0,'養生火鍋套餐');

INSERT INTO MEAL_ORDER_DETAIL (MEAL_ORDER_DETAIL_NO,MEAL_ORDER_NO,MEAL_NO,MEAL_SET_NO,QTY,DETAIL_AMOUNT,ASGN_STS,MEAL_NAME) VALUES ('MOD0039','MEO0010','MEAL0004',NULL,2,380,0,'雪花牛肉');
INSERT INTO MEAL_ORDER_DETAIL (MEAL_ORDER_DETAIL_NO,MEAL_ORDER_NO,MEAL_NO,MEAL_SET_NO,QTY,DETAIL_AMOUNT,ASGN_STS,MEAL_NAME) VALUES ('MOD0040','MEO0010','MEAL0005',NULL,2,180,0,'梅花豬肉');
INSERT INTO MEAL_ORDER_DETAIL (MEAL_ORDER_DETAIL_NO,MEAL_ORDER_NO,MEAL_NO,MEAL_SET_NO,QTY,DETAIL_AMOUNT,ASGN_STS,MEAL_NAME) VALUES ('MOD0041','MEO0010',NULL,'MES0001',1,1080,0,'麻辣火鍋套餐');

INSERT INTO MEAL_ORDER_DETAIL (MEAL_ORDER_DETAIL_NO,MEAL_ORDER_NO,MEAL_NO,MEAL_SET_NO,QTY,DETAIL_AMOUNT,ASGN_STS,MEAL_NAME) VALUES ('MOD0042','MEO0011','MEAL0003',NULL,2,780,0,'鴛鴦火鍋');
INSERT INTO MEAL_ORDER_DETAIL (MEAL_ORDER_DETAIL_NO,MEAL_ORDER_NO,MEAL_NO,MEAL_SET_NO,QTY,DETAIL_AMOUNT,ASGN_STS,MEAL_NAME) VALUES ('MOD0043','MEO0011','MEAL0005',NULL,1,180,0,'梅花豬肉');
INSERT INTO MEAL_ORDER_DETAIL (MEAL_ORDER_DETAIL_NO,MEAL_ORDER_NO,MEAL_NO,MEAL_SET_NO,QTY,DETAIL_AMOUNT,ASGN_STS,MEAL_NAME) VALUES ('MOD0044','MEO0011','MEAL0006',NULL,1,99,0,'肥腸');
INSERT INTO MEAL_ORDER_DETAIL (MEAL_ORDER_DETAIL_NO,MEAL_ORDER_NO,MEAL_NO,MEAL_SET_NO,QTY,DETAIL_AMOUNT,ASGN_STS,MEAL_NAME) VALUES ('MOD0045','MEO0011',NULL,'MES0002',1,1780,0,'養生火鍋套餐');
INSERT INTO MEAL_ORDER_DETAIL (MEAL_ORDER_DETAIL_NO,MEAL_ORDER_NO,MEAL_NO,MEAL_SET_NO,QTY,DETAIL_AMOUNT,ASGN_STS,MEAL_NAME) VALUES ('MOD0046','MEO0011',NULL,'MES0003',1,1888,0,'鴛鴦火鍋套餐');

INSERT INTO MEAL_ORDER_DETAIL (MEAL_ORDER_DETAIL_NO,MEAL_ORDER_NO,MEAL_NO,MEAL_SET_NO,QTY,DETAIL_AMOUNT,ASGN_STS,MEAL_NAME) VALUES ('MOD0047','MEO0012','MEAL0005',NULL,2,180,0,'梅花豬肉');
INSERT INTO MEAL_ORDER_DETAIL (MEAL_ORDER_DETAIL_NO,MEAL_ORDER_NO,MEAL_NO,MEAL_SET_NO,QTY,DETAIL_AMOUNT,ASGN_STS,MEAL_NAME) VALUES ('MOD0048','MEO0012','MEAL0006',NULL,1,99,0,'肥腸');
INSERT INTO MEAL_ORDER_DETAIL (MEAL_ORDER_DETAIL_NO,MEAL_ORDER_NO,MEAL_NO,MEAL_SET_NO,QTY,DETAIL_AMOUNT,ASGN_STS,MEAL_NAME) VALUES ('MOD0049','MEO0012',NULL,'MES0002',1,1780,0,'養生火鍋套餐');

INSERT INTO MEAL_ORDER_DETAIL (MEAL_ORDER_DETAIL_NO,MEAL_ORDER_NO,MEAL_NO,MEAL_SET_NO,QTY,DETAIL_AMOUNT,ASGN_STS,MEAL_NAME) VALUES ('MOD0050','MEO0013',NULL,'MES0002',1,1780,0,'養生火鍋套餐');

INSERT INTO MEAL_ORDER_DETAIL (MEAL_ORDER_DETAIL_NO,MEAL_ORDER_NO,MEAL_NO,MEAL_SET_NO,QTY,DETAIL_AMOUNT,ASGN_STS,MEAL_NAME) VALUES ('MOD0051','MEO0014','MEAL0003',NULL,2,780,0,'鴛鴦火鍋');
INSERT INTO MEAL_ORDER_DETAIL (MEAL_ORDER_DETAIL_NO,MEAL_ORDER_NO,MEAL_NO,MEAL_SET_NO,QTY,DETAIL_AMOUNT,ASGN_STS,MEAL_NAME) VALUES ('MOD0052','MEO0014','MEAL0004',NULL,3,380,0,'雪花牛肉');
INSERT INTO MEAL_ORDER_DETAIL (MEAL_ORDER_DETAIL_NO,MEAL_ORDER_NO,MEAL_NO,MEAL_SET_NO,QTY,DETAIL_AMOUNT,ASGN_STS,MEAL_NAME) VALUES ('MOD0053','MEO0014','MEAL0007',NULL,1,99,0,'牛筋');

INSERT INTO MEAL_ORDER_DETAIL (MEAL_ORDER_DETAIL_NO,MEAL_ORDER_NO,MEAL_NO,MEAL_SET_NO,QTY,DETAIL_AMOUNT,ASGN_STS,MEAL_NAME) VALUES ('MOD0054','MEO0015','MEAL0003',NULL,1,780,0,'鴛鴦火鍋');
INSERT INTO MEAL_ORDER_DETAIL (MEAL_ORDER_DETAIL_NO,MEAL_ORDER_NO,MEAL_NO,MEAL_SET_NO,QTY,DETAIL_AMOUNT,ASGN_STS,MEAL_NAME) VALUES ('MOD0055','MEO0015','MEAL0005',NULL,2,180,0,'梅花豬肉');
INSERT INTO MEAL_ORDER_DETAIL (MEAL_ORDER_DETAIL_NO,MEAL_ORDER_NO,MEAL_NO,MEAL_SET_NO,QTY,DETAIL_AMOUNT,ASGN_STS,MEAL_NAME) VALUES ('MOD0056','MEO0015','MEAL0006',NULL,2,99,0,'肥腸');
INSERT INTO MEAL_ORDER_DETAIL (MEAL_ORDER_DETAIL_NO,MEAL_ORDER_NO,MEAL_NO,MEAL_SET_NO,QTY,DETAIL_AMOUNT,ASGN_STS,MEAL_NAME) VALUES ('MOD0057','MEO0015',NULL,'MES0002',1,1780,0,'養生火鍋套餐');
INSERT INTO MEAL_ORDER_DETAIL (MEAL_ORDER_DETAIL_NO,MEAL_ORDER_NO,MEAL_NO,MEAL_SET_NO,QTY,DETAIL_AMOUNT,ASGN_STS,MEAL_NAME) VALUES ('MOD0058','MEO0015',NULL,'MES0003',1,1888,0,'鴛鴦火鍋套餐');
-------------------------------------------------------------------------------------
INSERT INTO MEAL_ORDER_DETAIL (MEAL_ORDER_DETAIL_NO,MEAL_ORDER_NO,MEAL_NO,MEAL_SET_NO,QTY,DETAIL_AMOUNT,ASGN_STS,MEAL_NAME) VALUES ('MOD0059','MEO0016','MEAL0001',NULL,2,680,0,'麻辣火鍋');
INSERT INTO MEAL_ORDER_DETAIL (MEAL_ORDER_DETAIL_NO,MEAL_ORDER_NO,MEAL_NO,MEAL_SET_NO,QTY,DETAIL_AMOUNT,ASGN_STS,MEAL_NAME) VALUES ('MOD0060','MEO0016','MEAL0004',NULL,1,380,0,'雪花牛肉');
INSERT INTO MEAL_ORDER_DETAIL (MEAL_ORDER_DETAIL_NO,MEAL_ORDER_NO,MEAL_NO,MEAL_SET_NO,QTY,DETAIL_AMOUNT,ASGN_STS,MEAL_NAME) VALUES ('MOD0061','MEO0016','MEAL0006',NULL,4,99,0,'肥腸');
INSERT INTO MEAL_ORDER_DETAIL (MEAL_ORDER_DETAIL_NO,MEAL_ORDER_NO,MEAL_NO,MEAL_SET_NO,QTY,DETAIL_AMOUNT,ASGN_STS,MEAL_NAME) VALUES ('MOD0062','MEO0016',NULL,'MES0001',1,1080,0,'麻辣火鍋套餐');
INSERT INTO MEAL_ORDER_DETAIL (MEAL_ORDER_DETAIL_NO,MEAL_ORDER_NO,MEAL_NO,MEAL_SET_NO,QTY,DETAIL_AMOUNT,ASGN_STS,MEAL_NAME) VALUES ('MOD0063','MEO0016',NULL,'MES0002',1,1780,0,'養生火鍋套餐');

INSERT INTO MEAL_ORDER_DETAIL (MEAL_ORDER_DETAIL_NO,MEAL_ORDER_NO,MEAL_NO,MEAL_SET_NO,QTY,DETAIL_AMOUNT,ASGN_STS,MEAL_NAME) VALUES ('MOD0064','MEO0017','MEAL0002',NULL,1,780,0,'養生火鍋');
INSERT INTO MEAL_ORDER_DETAIL (MEAL_ORDER_DETAIL_NO,MEAL_ORDER_NO,MEAL_NO,MEAL_SET_NO,QTY,DETAIL_AMOUNT,ASGN_STS,MEAL_NAME) VALUES ('MOD0065','MEO0017','MEAL0005',NULL,1,180,0,'梅花豬肉');
INSERT INTO MEAL_ORDER_DETAIL (MEAL_ORDER_DETAIL_NO,MEAL_ORDER_NO,MEAL_NO,MEAL_SET_NO,QTY,DETAIL_AMOUNT,ASGN_STS,MEAL_NAME) VALUES ('MOD0066','MEO0017','MEAL0006',NULL,3,99,0,'肥腸');
INSERT INTO MEAL_ORDER_DETAIL (MEAL_ORDER_DETAIL_NO,MEAL_ORDER_NO,MEAL_NO,MEAL_SET_NO,QTY,DETAIL_AMOUNT,ASGN_STS,MEAL_NAME) VALUES ('MOD0067','MEO0017',NULL,'MES0003',1,1888,0,'鴛鴦火鍋套餐');
INSERT INTO MEAL_ORDER_DETAIL (MEAL_ORDER_DETAIL_NO,MEAL_ORDER_NO,MEAL_NO,MEAL_SET_NO,QTY,DETAIL_AMOUNT,ASGN_STS,MEAL_NAME) VALUES ('MOD0068','MEO0017',NULL,'MES0002',1,1780,0,'養生火鍋套餐');

INSERT INTO MEAL_ORDER_DETAIL (MEAL_ORDER_DETAIL_NO,MEAL_ORDER_NO,MEAL_NO,MEAL_SET_NO,QTY,DETAIL_AMOUNT,ASGN_STS,MEAL_NAME) VALUES ('MOD0069','MEO0018','MEAL0001',NULL,1,780,0,'養生火鍋');
INSERT INTO MEAL_ORDER_DETAIL (MEAL_ORDER_DETAIL_NO,MEAL_ORDER_NO,MEAL_NO,MEAL_SET_NO,QTY,DETAIL_AMOUNT,ASGN_STS,MEAL_NAME) VALUES ('MOD0070','MEO0018','MEAL0005',NULL,2,180,0,'梅花豬肉');
INSERT INTO MEAL_ORDER_DETAIL (MEAL_ORDER_DETAIL_NO,MEAL_ORDER_NO,MEAL_NO,MEAL_SET_NO,QTY,DETAIL_AMOUNT,ASGN_STS,MEAL_NAME) VALUES ('MOD0071','MEO0018','MEAL0007',NULL,2,99,0,'牛筋');
INSERT INTO MEAL_ORDER_DETAIL (MEAL_ORDER_DETAIL_NO,MEAL_ORDER_NO,MEAL_NO,MEAL_SET_NO,QTY,DETAIL_AMOUNT,ASGN_STS,MEAL_NAME) VALUES ('MOD0072','MEO0018',NULL,'MES0001',1,1080,0,'麻辣火鍋套餐');
INSERT INTO MEAL_ORDER_DETAIL (MEAL_ORDER_DETAIL_NO,MEAL_ORDER_NO,MEAL_NO,MEAL_SET_NO,QTY,DETAIL_AMOUNT,ASGN_STS,MEAL_NAME) VALUES ('MOD0073','MEO0018',NULL,'MES0003',1,1888,0,'鴛鴦火鍋套餐');

INSERT INTO MEAL_ORDER_DETAIL (MEAL_ORDER_DETAIL_NO,MEAL_ORDER_NO,MEAL_NO,MEAL_SET_NO,QTY,DETAIL_AMOUNT,ASGN_STS,MEAL_NAME) VALUES ('MOD0074','MEO0019','MEAL0001',NULL,1,780,0,'養生火鍋');
INSERT INTO MEAL_ORDER_DETAIL (MEAL_ORDER_DETAIL_NO,MEAL_ORDER_NO,MEAL_NO,MEAL_SET_NO,QTY,DETAIL_AMOUNT,ASGN_STS,MEAL_NAME) VALUES ('MOD0075','MEO0019','MEAL0004',NULL,4,380,0,'雪花牛肉');
INSERT INTO MEAL_ORDER_DETAIL (MEAL_ORDER_DETAIL_NO,MEAL_ORDER_NO,MEAL_NO,MEAL_SET_NO,QTY,DETAIL_AMOUNT,ASGN_STS,MEAL_NAME) VALUES ('MOD0076','MEO0019','MEAL0005',NULL,2,180,0,'梅花豬肉');
INSERT INTO MEAL_ORDER_DETAIL (MEAL_ORDER_DETAIL_NO,MEAL_ORDER_NO,MEAL_NO,MEAL_SET_NO,QTY,DETAIL_AMOUNT,ASGN_STS,MEAL_NAME) VALUES ('MOD0077','MEO0019',NULL,'MES0001',1,1080,0,'麻辣火鍋套餐');
INSERT INTO MEAL_ORDER_DETAIL (MEAL_ORDER_DETAIL_NO,MEAL_ORDER_NO,MEAL_NO,MEAL_SET_NO,QTY,DETAIL_AMOUNT,ASGN_STS,MEAL_NAME) VALUES ('MOD0078','MEO0019',NULL,'MES0003',1,1888,0,'鴛鴦火鍋套餐');

INSERT INTO MEAL_ORDER_DETAIL (MEAL_ORDER_DETAIL_NO,MEAL_ORDER_NO,MEAL_NO,MEAL_SET_NO,QTY,DETAIL_AMOUNT,ASGN_STS,MEAL_NAME) VALUES ('MOD0079','MEO0020','MEAL0003',NULL,1,780,0,'鴛鴦火鍋');
INSERT INTO MEAL_ORDER_DETAIL (MEAL_ORDER_DETAIL_NO,MEAL_ORDER_NO,MEAL_NO,MEAL_SET_NO,QTY,DETAIL_AMOUNT,ASGN_STS,MEAL_NAME) VALUES ('MOD0080','MEO0020','MEAL0004',NULL,2,380,0,'雪花牛肉');
INSERT INTO MEAL_ORDER_DETAIL (MEAL_ORDER_DETAIL_NO,MEAL_ORDER_NO,MEAL_NO,MEAL_SET_NO,QTY,DETAIL_AMOUNT,ASGN_STS,MEAL_NAME) VALUES ('MOD0081','MEO0020','MEAL0007',NULL,2,99,0,'牛筋');
INSERT INTO MEAL_ORDER_DETAIL (MEAL_ORDER_DETAIL_NO,MEAL_ORDER_NO,MEAL_NO,MEAL_SET_NO,QTY,DETAIL_AMOUNT,ASGN_STS,MEAL_NAME) VALUES ('MOD0082','MEO0020',NULL,'MES0002',1,1780,0,'養生火鍋套餐');
INSERT INTO MEAL_ORDER_DETAIL (MEAL_ORDER_DETAIL_NO,MEAL_ORDER_NO,MEAL_NO,MEAL_SET_NO,QTY,DETAIL_AMOUNT,ASGN_STS,MEAL_NAME) VALUES ('MOD0083','MEO0020',NULL,'MES0003',1,1888,0,'鴛鴦火鍋套餐');

INSERT INTO MEAL_ORDER_DETAIL (MEAL_ORDER_DETAIL_NO,MEAL_ORDER_NO,MEAL_NO,MEAL_SET_NO,QTY,DETAIL_AMOUNT,ASGN_STS,MEAL_NAME) VALUES ('MOD0084','MEO0021','MEAL0003',NULL,1,780,0,'鴛鴦火鍋');
INSERT INTO MEAL_ORDER_DETAIL (MEAL_ORDER_DETAIL_NO,MEAL_ORDER_NO,MEAL_NO,MEAL_SET_NO,QTY,DETAIL_AMOUNT,ASGN_STS,MEAL_NAME) VALUES ('MOD0085','MEO0021','MEAL0005',NULL,4,180,0,'梅花豬肉');
INSERT INTO MEAL_ORDER_DETAIL (MEAL_ORDER_DETAIL_NO,MEAL_ORDER_NO,MEAL_NO,MEAL_SET_NO,QTY,DETAIL_AMOUNT,ASGN_STS,MEAL_NAME) VALUES ('MOD0086','MEO0021','MEAL0006',NULL,3,99,0,'肥腸');
INSERT INTO MEAL_ORDER_DETAIL (MEAL_ORDER_DETAIL_NO,MEAL_ORDER_NO,MEAL_NO,MEAL_SET_NO,QTY,DETAIL_AMOUNT,ASGN_STS,MEAL_NAME) VALUES ('MOD0087','MEO0021',NULL,'MES0002',1,1780,0,'養生火鍋套餐');
INSERT INTO MEAL_ORDER_DETAIL (MEAL_ORDER_DETAIL_NO,MEAL_ORDER_NO,MEAL_NO,MEAL_SET_NO,QTY,DETAIL_AMOUNT,ASGN_STS,MEAL_NAME) VALUES ('MOD0088','MEO0021',NULL,'MES0003',1,1888,0,'鴛鴦火鍋套餐');

INSERT INTO MEAL_ORDER_DETAIL (MEAL_ORDER_DETAIL_NO,MEAL_ORDER_NO,MEAL_NO,MEAL_SET_NO,QTY,DETAIL_AMOUNT,ASGN_STS,MEAL_NAME) VALUES ('MOD0089','MEO0022','MEAL0003',NULL,1,780,0,'鴛鴦火鍋');
INSERT INTO MEAL_ORDER_DETAIL (MEAL_ORDER_DETAIL_NO,MEAL_ORDER_NO,MEAL_NO,MEAL_SET_NO,QTY,DETAIL_AMOUNT,ASGN_STS,MEAL_NAME) VALUES ('MOD0090','MEO0022','MEAL0004',NULL,2,380,0,'雪花牛肉');
INSERT INTO MEAL_ORDER_DETAIL (MEAL_ORDER_DETAIL_NO,MEAL_ORDER_NO,MEAL_NO,MEAL_SET_NO,QTY,DETAIL_AMOUNT,ASGN_STS,MEAL_NAME) VALUES ('MOD0091','MEO0022','MEAL0007',NULL,2,99,0,'牛筋');

INSERT INTO MEAL_ORDER_DETAIL (MEAL_ORDER_DETAIL_NO,MEAL_ORDER_NO,MEAL_NO,MEAL_SET_NO,QTY,DETAIL_AMOUNT,ASGN_STS,MEAL_NAME) VALUES ('MOD0092','MEO0023','MEAL0001',NULL,1,680,0,'麻辣火鍋');
INSERT INTO MEAL_ORDER_DETAIL (MEAL_ORDER_DETAIL_NO,MEAL_ORDER_NO,MEAL_NO,MEAL_SET_NO,QTY,DETAIL_AMOUNT,ASGN_STS,MEAL_NAME) VALUES ('MOD0093','MEO0023','MEAL0004',NULL,2,380,0,'雪花牛肉');
INSERT INTO MEAL_ORDER_DETAIL (MEAL_ORDER_DETAIL_NO,MEAL_ORDER_NO,MEAL_NO,MEAL_SET_NO,QTY,DETAIL_AMOUNT,ASGN_STS,MEAL_NAME) VALUES ('MOD0094','MEO0023','MEAL0006',NULL,2,99,0,'肥腸');

INSERT INTO MEAL_ORDER_DETAIL (MEAL_ORDER_DETAIL_NO,MEAL_ORDER_NO,MEAL_NO,MEAL_SET_NO,QTY,DETAIL_AMOUNT,ASGN_STS,MEAL_NAME) VALUES ('MOD0095','MEO0024','MEAL0006',NULL,3,99,0,'肥腸');
INSERT INTO MEAL_ORDER_DETAIL (MEAL_ORDER_DETAIL_NO,MEAL_ORDER_NO,MEAL_NO,MEAL_SET_NO,QTY,DETAIL_AMOUNT,ASGN_STS,MEAL_NAME) VALUES ('MOD0096','MEO0024',NULL,'MES0002',1,1780,0,'養生火鍋套餐');

INSERT INTO MEAL_ORDER_DETAIL (MEAL_ORDER_DETAIL_NO,MEAL_ORDER_NO,MEAL_NO,MEAL_SET_NO,QTY,DETAIL_AMOUNT,ASGN_STS,MEAL_NAME) VALUES ('MOD0097','MEO0025','MEAL0004',NULL,2,380,0,'雪花牛肉');
INSERT INTO MEAL_ORDER_DETAIL (MEAL_ORDER_DETAIL_NO,MEAL_ORDER_NO,MEAL_NO,MEAL_SET_NO,QTY,DETAIL_AMOUNT,ASGN_STS,MEAL_NAME) VALUES ('MOD0098','MEO0025','MEAL0005',NULL,2,180,0,'梅花豬肉');
INSERT INTO MEAL_ORDER_DETAIL (MEAL_ORDER_DETAIL_NO,MEAL_ORDER_NO,MEAL_NO,MEAL_SET_NO,QTY,DETAIL_AMOUNT,ASGN_STS,MEAL_NAME) VALUES ('MOD0099','MEO0025',NULL,'MES0001',1,1080,0,'麻辣火鍋套餐');

INSERT INTO MEAL_ORDER_DETAIL (MEAL_ORDER_DETAIL_NO,MEAL_ORDER_NO,MEAL_NO,MEAL_SET_NO,QTY,DETAIL_AMOUNT,ASGN_STS,MEAL_NAME) VALUES ('MOD0100','MEO0026','MEAL0003',NULL,2,780,0,'鴛鴦火鍋');
INSERT INTO MEAL_ORDER_DETAIL (MEAL_ORDER_DETAIL_NO,MEAL_ORDER_NO,MEAL_NO,MEAL_SET_NO,QTY,DETAIL_AMOUNT,ASGN_STS,MEAL_NAME) VALUES ('MOD0101','MEO0026','MEAL0005',NULL,1,180,0,'梅花豬肉');
INSERT INTO MEAL_ORDER_DETAIL (MEAL_ORDER_DETAIL_NO,MEAL_ORDER_NO,MEAL_NO,MEAL_SET_NO,QTY,DETAIL_AMOUNT,ASGN_STS,MEAL_NAME) VALUES ('MOD0102','MEO0026','MEAL0006',NULL,1,99,0,'肥腸');
INSERT INTO MEAL_ORDER_DETAIL (MEAL_ORDER_DETAIL_NO,MEAL_ORDER_NO,MEAL_NO,MEAL_SET_NO,QTY,DETAIL_AMOUNT,ASGN_STS,MEAL_NAME) VALUES ('MOD0103','MEO0026',NULL,'MES0002',1,1780,0,'養生火鍋套餐');
INSERT INTO MEAL_ORDER_DETAIL (MEAL_ORDER_DETAIL_NO,MEAL_ORDER_NO,MEAL_NO,MEAL_SET_NO,QTY,DETAIL_AMOUNT,ASGN_STS,MEAL_NAME) VALUES ('MOD0104','MEO0026',NULL,'MES0003',1,1888,0,'鴛鴦火鍋套餐');

INSERT INTO MEAL_ORDER_DETAIL (MEAL_ORDER_DETAIL_NO,MEAL_ORDER_NO,MEAL_NO,MEAL_SET_NO,QTY,DETAIL_AMOUNT,ASGN_STS,MEAL_NAME) VALUES ('MOD0105','MEO0027','MEAL0005',NULL,2,180,0,'梅花豬肉');
INSERT INTO MEAL_ORDER_DETAIL (MEAL_ORDER_DETAIL_NO,MEAL_ORDER_NO,MEAL_NO,MEAL_SET_NO,QTY,DETAIL_AMOUNT,ASGN_STS,MEAL_NAME) VALUES ('MOD0106','MEO0027','MEAL0006',NULL,1,99,0,'肥腸');
INSERT INTO MEAL_ORDER_DETAIL (MEAL_ORDER_DETAIL_NO,MEAL_ORDER_NO,MEAL_NO,MEAL_SET_NO,QTY,DETAIL_AMOUNT,ASGN_STS,MEAL_NAME) VALUES ('MOD0107','MEO0027',NULL,'MES0002',1,1780,0,'養生火鍋套餐');

INSERT INTO MEAL_ORDER_DETAIL (MEAL_ORDER_DETAIL_NO,MEAL_ORDER_NO,MEAL_NO,MEAL_SET_NO,QTY,DETAIL_AMOUNT,ASGN_STS,MEAL_NAME) VALUES ('MOD0108','MEO0028',NULL,'MES0002',1,1780,0,'養生火鍋套餐');

INSERT INTO MEAL_ORDER_DETAIL (MEAL_ORDER_DETAIL_NO,MEAL_ORDER_NO,MEAL_NO,MEAL_SET_NO,QTY,DETAIL_AMOUNT,ASGN_STS,MEAL_NAME) VALUES ('MOD0109','MEO0029','MEAL0003',NULL,2,780,0,'鴛鴦火鍋');
INSERT INTO MEAL_ORDER_DETAIL (MEAL_ORDER_DETAIL_NO,MEAL_ORDER_NO,MEAL_NO,MEAL_SET_NO,QTY,DETAIL_AMOUNT,ASGN_STS,MEAL_NAME) VALUES ('MOD0110','MEO0029','MEAL0004',NULL,3,380,0,'雪花牛肉');
INSERT INTO MEAL_ORDER_DETAIL (MEAL_ORDER_DETAIL_NO,MEAL_ORDER_NO,MEAL_NO,MEAL_SET_NO,QTY,DETAIL_AMOUNT,ASGN_STS,MEAL_NAME) VALUES ('MOD0111','MEO0029','MEAL0007',NULL,1,99,0,'牛筋');

INSERT INTO MEAL_ORDER_DETAIL (MEAL_ORDER_DETAIL_NO,MEAL_ORDER_NO,MEAL_NO,MEAL_SET_NO,QTY,DETAIL_AMOUNT,ASGN_STS,MEAL_NAME) VALUES ('MOD0112','MEO0030','MEAL0003',NULL,1,780,0,'鴛鴦火鍋');
INSERT INTO MEAL_ORDER_DETAIL (MEAL_ORDER_DETAIL_NO,MEAL_ORDER_NO,MEAL_NO,MEAL_SET_NO,QTY,DETAIL_AMOUNT,ASGN_STS,MEAL_NAME) VALUES ('MOD0113','MEO0030','MEAL0005',NULL,2,180,0,'梅花豬肉');
INSERT INTO MEAL_ORDER_DETAIL (MEAL_ORDER_DETAIL_NO,MEAL_ORDER_NO,MEAL_NO,MEAL_SET_NO,QTY,DETAIL_AMOUNT,ASGN_STS,MEAL_NAME) VALUES ('MOD0114','MEO0030','MEAL0006',NULL,2,99,0,'肥腸');
INSERT INTO MEAL_ORDER_DETAIL (MEAL_ORDER_DETAIL_NO,MEAL_ORDER_NO,MEAL_NO,MEAL_SET_NO,QTY,DETAIL_AMOUNT,ASGN_STS,MEAL_NAME) VALUES ('MOD0115','MEO0030',NULL,'MES0002',1,1780,0,'養生火鍋套餐');
INSERT INTO MEAL_ORDER_DETAIL (MEAL_ORDER_DETAIL_NO,MEAL_ORDER_NO,MEAL_NO,MEAL_SET_NO,QTY,DETAIL_AMOUNT,ASGN_STS,MEAL_NAME) VALUES ('MOD0116','MEO0030',NULL,'MES0003',1,1888,0,'鴛鴦火鍋套餐');

INSERT INTO MEAL_ORDER_DETAIL (MEAL_ORDER_DETAIL_NO,MEAL_ORDER_NO,MEAL_NO,MEAL_SET_NO,QTY,DETAIL_AMOUNT,ASGN_STS,MEAL_NAME) VALUES ('MOD0117','MEO0031','MEAL0001',NULL,2,680,0,'麻辣火鍋');
INSERT INTO MEAL_ORDER_DETAIL (MEAL_ORDER_DETAIL_NO,MEAL_ORDER_NO,MEAL_NO,MEAL_SET_NO,QTY,DETAIL_AMOUNT,ASGN_STS,MEAL_NAME) VALUES ('MOD0118','MEO0031','MEAL0004',NULL,1,380,0,'雪花牛肉');
INSERT INTO MEAL_ORDER_DETAIL (MEAL_ORDER_DETAIL_NO,MEAL_ORDER_NO,MEAL_NO,MEAL_SET_NO,QTY,DETAIL_AMOUNT,ASGN_STS,MEAL_NAME) VALUES ('MOD0119','MEO0031','MEAL0006',NULL,4,99,0,'肥腸');
INSERT INTO MEAL_ORDER_DETAIL (MEAL_ORDER_DETAIL_NO,MEAL_ORDER_NO,MEAL_NO,MEAL_SET_NO,QTY,DETAIL_AMOUNT,ASGN_STS,MEAL_NAME) VALUES ('MOD0120','MEO0031',NULL,'MES0001',1,1080,0,'麻辣火鍋套餐');
INSERT INTO MEAL_ORDER_DETAIL (MEAL_ORDER_DETAIL_NO,MEAL_ORDER_NO,MEAL_NO,MEAL_SET_NO,QTY,DETAIL_AMOUNT,ASGN_STS,MEAL_NAME) VALUES ('MOD0121','MEO0031',NULL,'MES0002',1,1780,0,'養生火鍋套餐');

INSERT INTO MEAL_ORDER_DETAIL (MEAL_ORDER_DETAIL_NO,MEAL_ORDER_NO,MEAL_NO,MEAL_SET_NO,QTY,DETAIL_AMOUNT,ASGN_STS,MEAL_NAME) VALUES ('MOD0122','MEO0032','MEAL0002',NULL,1,780,0,'養生火鍋');
INSERT INTO MEAL_ORDER_DETAIL (MEAL_ORDER_DETAIL_NO,MEAL_ORDER_NO,MEAL_NO,MEAL_SET_NO,QTY,DETAIL_AMOUNT,ASGN_STS,MEAL_NAME) VALUES ('MOD0123','MEO0032','MEAL0005',NULL,1,180,0,'梅花豬肉');
INSERT INTO MEAL_ORDER_DETAIL (MEAL_ORDER_DETAIL_NO,MEAL_ORDER_NO,MEAL_NO,MEAL_SET_NO,QTY,DETAIL_AMOUNT,ASGN_STS,MEAL_NAME) VALUES ('MOD0124','MEO0032','MEAL0006',NULL,3,99,0,'肥腸');
INSERT INTO MEAL_ORDER_DETAIL (MEAL_ORDER_DETAIL_NO,MEAL_ORDER_NO,MEAL_NO,MEAL_SET_NO,QTY,DETAIL_AMOUNT,ASGN_STS,MEAL_NAME) VALUES ('MOD0125','MEO0032',NULL,'MES0003',1,1888,0,'鴛鴦火鍋套餐');
INSERT INTO MEAL_ORDER_DETAIL (MEAL_ORDER_DETAIL_NO,MEAL_ORDER_NO,MEAL_NO,MEAL_SET_NO,QTY,DETAIL_AMOUNT,ASGN_STS,MEAL_NAME) VALUES ('MOD0126','MEO0032',NULL,'MES0002',1,1780,0,'養生火鍋套餐');

INSERT INTO MEAL_ORDER_DETAIL (MEAL_ORDER_DETAIL_NO,MEAL_ORDER_NO,MEAL_NO,MEAL_SET_NO,QTY,DETAIL_AMOUNT,ASGN_STS,MEAL_NAME) VALUES ('MOD0127','MEO0033','MEAL0001',NULL,1,780,0,'養生火鍋');
INSERT INTO MEAL_ORDER_DETAIL (MEAL_ORDER_DETAIL_NO,MEAL_ORDER_NO,MEAL_NO,MEAL_SET_NO,QTY,DETAIL_AMOUNT,ASGN_STS,MEAL_NAME) VALUES ('MOD0128','MEO0033','MEAL0005',NULL,2,180,0,'梅花豬肉');
INSERT INTO MEAL_ORDER_DETAIL (MEAL_ORDER_DETAIL_NO,MEAL_ORDER_NO,MEAL_NO,MEAL_SET_NO,QTY,DETAIL_AMOUNT,ASGN_STS,MEAL_NAME) VALUES ('MOD0129','MEO0033','MEAL0007',NULL,2,99,0,'牛筋');
INSERT INTO MEAL_ORDER_DETAIL (MEAL_ORDER_DETAIL_NO,MEAL_ORDER_NO,MEAL_NO,MEAL_SET_NO,QTY,DETAIL_AMOUNT,ASGN_STS,MEAL_NAME) VALUES ('MOD0130','MEO0033',NULL,'MES0001',1,1080,0,'麻辣火鍋套餐');
INSERT INTO MEAL_ORDER_DETAIL (MEAL_ORDER_DETAIL_NO,MEAL_ORDER_NO,MEAL_NO,MEAL_SET_NO,QTY,DETAIL_AMOUNT,ASGN_STS,MEAL_NAME) VALUES ('MOD0131','MEO0033',NULL,'MES0003',1,1888,0,'鴛鴦火鍋套餐');

INSERT INTO MEAL_ORDER_DETAIL (MEAL_ORDER_DETAIL_NO,MEAL_ORDER_NO,MEAL_NO,MEAL_SET_NO,QTY,DETAIL_AMOUNT,ASGN_STS,MEAL_NAME) VALUES ('MOD0132','MEO0034','MEAL0001',NULL,1,780,0,'養生火鍋');
INSERT INTO MEAL_ORDER_DETAIL (MEAL_ORDER_DETAIL_NO,MEAL_ORDER_NO,MEAL_NO,MEAL_SET_NO,QTY,DETAIL_AMOUNT,ASGN_STS,MEAL_NAME) VALUES ('MOD0133','MEO0034','MEAL0004',NULL,4,380,0,'雪花牛肉');
INSERT INTO MEAL_ORDER_DETAIL (MEAL_ORDER_DETAIL_NO,MEAL_ORDER_NO,MEAL_NO,MEAL_SET_NO,QTY,DETAIL_AMOUNT,ASGN_STS,MEAL_NAME) VALUES ('MOD0134','MEO0034','MEAL0005',NULL,2,180,0,'梅花豬肉');
INSERT INTO MEAL_ORDER_DETAIL (MEAL_ORDER_DETAIL_NO,MEAL_ORDER_NO,MEAL_NO,MEAL_SET_NO,QTY,DETAIL_AMOUNT,ASGN_STS,MEAL_NAME) VALUES ('MOD0135','MEO0034',NULL,'MES0001',1,1080,0,'麻辣火鍋套餐');
INSERT INTO MEAL_ORDER_DETAIL (MEAL_ORDER_DETAIL_NO,MEAL_ORDER_NO,MEAL_NO,MEAL_SET_NO,QTY,DETAIL_AMOUNT,ASGN_STS,MEAL_NAME) VALUES ('MOD0136','MEO0034',NULL,'MES0003',1,1888,0,'鴛鴦火鍋套餐');

INSERT INTO MEAL_ORDER_DETAIL (MEAL_ORDER_DETAIL_NO,MEAL_ORDER_NO,MEAL_NO,MEAL_SET_NO,QTY,DETAIL_AMOUNT,ASGN_STS,MEAL_NAME) VALUES ('MOD0137','MEO0035','MEAL0003',NULL,1,780,0,'鴛鴦火鍋');
INSERT INTO MEAL_ORDER_DETAIL (MEAL_ORDER_DETAIL_NO,MEAL_ORDER_NO,MEAL_NO,MEAL_SET_NO,QTY,DETAIL_AMOUNT,ASGN_STS,MEAL_NAME) VALUES ('MOD0138','MEO0035','MEAL0004',NULL,2,380,0,'雪花牛肉');
INSERT INTO MEAL_ORDER_DETAIL (MEAL_ORDER_DETAIL_NO,MEAL_ORDER_NO,MEAL_NO,MEAL_SET_NO,QTY,DETAIL_AMOUNT,ASGN_STS,MEAL_NAME) VALUES ('MOD0139','MEO0035','MEAL0007',NULL,2,99,0,'牛筋');
INSERT INTO MEAL_ORDER_DETAIL (MEAL_ORDER_DETAIL_NO,MEAL_ORDER_NO,MEAL_NO,MEAL_SET_NO,QTY,DETAIL_AMOUNT,ASGN_STS,MEAL_NAME) VALUES ('MOD0140','MEO0035',NULL,'MES0002',1,1780,0,'養生火鍋套餐');
INSERT INTO MEAL_ORDER_DETAIL (MEAL_ORDER_DETAIL_NO,MEAL_ORDER_NO,MEAL_NO,MEAL_SET_NO,QTY,DETAIL_AMOUNT,ASGN_STS,MEAL_NAME) VALUES ('MOD0141','MEO0035',NULL,'MES0003',1,1888,0,'鴛鴦火鍋套餐');

INSERT INTO MEAL_ORDER_DETAIL (MEAL_ORDER_DETAIL_NO,MEAL_ORDER_NO,MEAL_NO,MEAL_SET_NO,QTY,DETAIL_AMOUNT,ASGN_STS,MEAL_NAME) VALUES ('MOD0142','MEO0036','MEAL0003',NULL,1,780,0,'鴛鴦火鍋');
INSERT INTO MEAL_ORDER_DETAIL (MEAL_ORDER_DETAIL_NO,MEAL_ORDER_NO,MEAL_NO,MEAL_SET_NO,QTY,DETAIL_AMOUNT,ASGN_STS,MEAL_NAME) VALUES ('MOD0143','MEO0036','MEAL0005',NULL,4,180,0,'梅花豬肉');
INSERT INTO MEAL_ORDER_DETAIL (MEAL_ORDER_DETAIL_NO,MEAL_ORDER_NO,MEAL_NO,MEAL_SET_NO,QTY,DETAIL_AMOUNT,ASGN_STS,MEAL_NAME) VALUES ('MOD0144','MEO0036','MEAL0006',NULL,3,99,0,'肥腸');
INSERT INTO MEAL_ORDER_DETAIL (MEAL_ORDER_DETAIL_NO,MEAL_ORDER_NO,MEAL_NO,MEAL_SET_NO,QTY,DETAIL_AMOUNT,ASGN_STS,MEAL_NAME) VALUES ('MOD0145','MEO0036',NULL,'MES0002',1,1780,0,'養生火鍋套餐');
INSERT INTO MEAL_ORDER_DETAIL (MEAL_ORDER_DETAIL_NO,MEAL_ORDER_NO,MEAL_NO,MEAL_SET_NO,QTY,DETAIL_AMOUNT,ASGN_STS,MEAL_NAME) VALUES ('MOD0146','MEO0036',NULL,'MES0003',1,1888,0,'鴛鴦火鍋套餐');

INSERT INTO MEAL_ORDER_DETAIL (MEAL_ORDER_DETAIL_NO,MEAL_ORDER_NO,MEAL_NO,MEAL_SET_NO,QTY,DETAIL_AMOUNT,ASGN_STS,MEAL_NAME) VALUES ('MOD0147','MEO0037','MEAL0003',NULL,1,780,0,'鴛鴦火鍋');
INSERT INTO MEAL_ORDER_DETAIL (MEAL_ORDER_DETAIL_NO,MEAL_ORDER_NO,MEAL_NO,MEAL_SET_NO,QTY,DETAIL_AMOUNT,ASGN_STS,MEAL_NAME) VALUES ('MOD0148','MEO0037','MEAL0004',NULL,2,380,0,'雪花牛肉');
INSERT INTO MEAL_ORDER_DETAIL (MEAL_ORDER_DETAIL_NO,MEAL_ORDER_NO,MEAL_NO,MEAL_SET_NO,QTY,DETAIL_AMOUNT,ASGN_STS,MEAL_NAME) VALUES ('MOD0149','MEO0037','MEAL0007',NULL,2,99,0,'牛筋');

INSERT INTO MEAL_ORDER_DETAIL (MEAL_ORDER_DETAIL_NO,MEAL_ORDER_NO,MEAL_NO,MEAL_SET_NO,QTY,DETAIL_AMOUNT,ASGN_STS,MEAL_NAME) VALUES ('MOD0150','MEO0038','MEAL0001',NULL,1,680,0,'麻辣火鍋');
INSERT INTO MEAL_ORDER_DETAIL (MEAL_ORDER_DETAIL_NO,MEAL_ORDER_NO,MEAL_NO,MEAL_SET_NO,QTY,DETAIL_AMOUNT,ASGN_STS,MEAL_NAME) VALUES ('MOD0151','MEO0038','MEAL0004',NULL,2,380,0,'雪花牛肉');
INSERT INTO MEAL_ORDER_DETAIL (MEAL_ORDER_DETAIL_NO,MEAL_ORDER_NO,MEAL_NO,MEAL_SET_NO,QTY,DETAIL_AMOUNT,ASGN_STS,MEAL_NAME) VALUES ('MOD0152','MEO0038','MEAL0006',NULL,2,99,0,'肥腸');

INSERT INTO MEAL_ORDER_DETAIL (MEAL_ORDER_DETAIL_NO,MEAL_ORDER_NO,MEAL_NO,MEAL_SET_NO,QTY,DETAIL_AMOUNT,ASGN_STS,MEAL_NAME) VALUES ('MOD0153','MEO0039','MEAL0006',NULL,3,99,0,'肥腸');
INSERT INTO MEAL_ORDER_DETAIL (MEAL_ORDER_DETAIL_NO,MEAL_ORDER_NO,MEAL_NO,MEAL_SET_NO,QTY,DETAIL_AMOUNT,ASGN_STS,MEAL_NAME) VALUES ('MOD0154','MEO0039',NULL,'MES0002',1,1780,0,'養生火鍋套餐');

INSERT INTO MEAL_ORDER_DETAIL (MEAL_ORDER_DETAIL_NO,MEAL_ORDER_NO,MEAL_NO,MEAL_SET_NO,QTY,DETAIL_AMOUNT,ASGN_STS,MEAL_NAME) VALUES ('MOD0155','MEO0040','MEAL0004',NULL,2,380,0,'雪花牛肉');
INSERT INTO MEAL_ORDER_DETAIL (MEAL_ORDER_DETAIL_NO,MEAL_ORDER_NO,MEAL_NO,MEAL_SET_NO,QTY,DETAIL_AMOUNT,ASGN_STS,MEAL_NAME) VALUES ('MOD0156','MEO0040','MEAL0005',NULL,2,180,0,'梅花豬肉');
INSERT INTO MEAL_ORDER_DETAIL (MEAL_ORDER_DETAIL_NO,MEAL_ORDER_NO,MEAL_NO,MEAL_SET_NO,QTY,DETAIL_AMOUNT,ASGN_STS,MEAL_NAME) VALUES ('MOD0157','MEO0040',NULL,'MES0001',1,1080,0,'麻辣火鍋套餐');

INSERT INTO MEAL_ORDER_DETAIL (MEAL_ORDER_DETAIL_NO,MEAL_ORDER_NO,MEAL_NO,MEAL_SET_NO,QTY,DETAIL_AMOUNT,ASGN_STS,MEAL_NAME) VALUES ('MOD0158','MEO0041','MEAL0003',NULL,2,780,0,'鴛鴦火鍋');
INSERT INTO MEAL_ORDER_DETAIL (MEAL_ORDER_DETAIL_NO,MEAL_ORDER_NO,MEAL_NO,MEAL_SET_NO,QTY,DETAIL_AMOUNT,ASGN_STS,MEAL_NAME) VALUES ('MOD0159','MEO0041','MEAL0005',NULL,1,180,0,'梅花豬肉');
INSERT INTO MEAL_ORDER_DETAIL (MEAL_ORDER_DETAIL_NO,MEAL_ORDER_NO,MEAL_NO,MEAL_SET_NO,QTY,DETAIL_AMOUNT,ASGN_STS,MEAL_NAME) VALUES ('MOD0160','MEO0041','MEAL0006',NULL,1,99,0,'肥腸');
INSERT INTO MEAL_ORDER_DETAIL (MEAL_ORDER_DETAIL_NO,MEAL_ORDER_NO,MEAL_NO,MEAL_SET_NO,QTY,DETAIL_AMOUNT,ASGN_STS,MEAL_NAME) VALUES ('MOD0161','MEO0041',NULL,'MES0002',1,1780,0,'養生火鍋套餐');
INSERT INTO MEAL_ORDER_DETAIL (MEAL_ORDER_DETAIL_NO,MEAL_ORDER_NO,MEAL_NO,MEAL_SET_NO,QTY,DETAIL_AMOUNT,ASGN_STS,MEAL_NAME) VALUES ('MOD0162','MEO0041',NULL,'MES0003',1,1888,0,'鴛鴦火鍋套餐');

INSERT INTO MEAL_ORDER_DETAIL (MEAL_ORDER_DETAIL_NO,MEAL_ORDER_NO,MEAL_NO,MEAL_SET_NO,QTY,DETAIL_AMOUNT,ASGN_STS,MEAL_NAME) VALUES ('MOD0163','MEO0042','MEAL0005',NULL,2,180,0,'梅花豬肉');
INSERT INTO MEAL_ORDER_DETAIL (MEAL_ORDER_DETAIL_NO,MEAL_ORDER_NO,MEAL_NO,MEAL_SET_NO,QTY,DETAIL_AMOUNT,ASGN_STS,MEAL_NAME) VALUES ('MOD0164','MEO0042','MEAL0006',NULL,1,99,0,'肥腸');
INSERT INTO MEAL_ORDER_DETAIL (MEAL_ORDER_DETAIL_NO,MEAL_ORDER_NO,MEAL_NO,MEAL_SET_NO,QTY,DETAIL_AMOUNT,ASGN_STS,MEAL_NAME) VALUES ('MOD0165','MEO0042',NULL,'MES0002',1,1780,0,'養生火鍋套餐');

INSERT INTO MEAL_ORDER_DETAIL (MEAL_ORDER_DETAIL_NO,MEAL_ORDER_NO,MEAL_NO,MEAL_SET_NO,QTY,DETAIL_AMOUNT,ASGN_STS,MEAL_NAME) VALUES ('MOD0166','MEO0043',NULL,'MES0002',1,1780,0,'養生火鍋套餐');

INSERT INTO MEAL_ORDER_DETAIL (MEAL_ORDER_DETAIL_NO,MEAL_ORDER_NO,MEAL_NO,MEAL_SET_NO,QTY,DETAIL_AMOUNT,ASGN_STS,MEAL_NAME) VALUES ('MOD0167','MEO0044','MEAL0003',NULL,2,780,0,'鴛鴦火鍋');
INSERT INTO MEAL_ORDER_DETAIL (MEAL_ORDER_DETAIL_NO,MEAL_ORDER_NO,MEAL_NO,MEAL_SET_NO,QTY,DETAIL_AMOUNT,ASGN_STS,MEAL_NAME) VALUES ('MOD0168','MEO0044','MEAL0004',NULL,3,380,0,'雪花牛肉');
INSERT INTO MEAL_ORDER_DETAIL (MEAL_ORDER_DETAIL_NO,MEAL_ORDER_NO,MEAL_NO,MEAL_SET_NO,QTY,DETAIL_AMOUNT,ASGN_STS,MEAL_NAME) VALUES ('MOD0169','MEO0044','MEAL0007',NULL,1,99,0,'牛筋');

INSERT INTO MEAL_ORDER_DETAIL (MEAL_ORDER_DETAIL_NO,MEAL_ORDER_NO,MEAL_NO,MEAL_SET_NO,QTY,DETAIL_AMOUNT,ASGN_STS,MEAL_NAME) VALUES ('MOD0170','MEO0045','MEAL0003',NULL,1,780,0,'鴛鴦火鍋');
INSERT INTO MEAL_ORDER_DETAIL (MEAL_ORDER_DETAIL_NO,MEAL_ORDER_NO,MEAL_NO,MEAL_SET_NO,QTY,DETAIL_AMOUNT,ASGN_STS,MEAL_NAME) VALUES ('MOD0171','MEO0045','MEAL0005',NULL,2,180,0,'梅花豬肉');
INSERT INTO MEAL_ORDER_DETAIL (MEAL_ORDER_DETAIL_NO,MEAL_ORDER_NO,MEAL_NO,MEAL_SET_NO,QTY,DETAIL_AMOUNT,ASGN_STS,MEAL_NAME) VALUES ('MOD0172','MEO0045','MEAL0006',NULL,2,99,0,'肥腸');
INSERT INTO MEAL_ORDER_DETAIL (MEAL_ORDER_DETAIL_NO,MEAL_ORDER_NO,MEAL_NO,MEAL_SET_NO,QTY,DETAIL_AMOUNT,ASGN_STS,MEAL_NAME) VALUES ('MOD0173','MEO0045',NULL,'MES0002',1,1780,0,'養生火鍋套餐');
INSERT INTO MEAL_ORDER_DETAIL (MEAL_ORDER_DETAIL_NO,MEAL_ORDER_NO,MEAL_NO,MEAL_SET_NO,QTY,DETAIL_AMOUNT,ASGN_STS,MEAL_NAME) VALUES ('MOD0174','MEO0045',NULL,'MES0003',1,1888,0,'鴛鴦火鍋套餐');

INSERT INTO MEAL_ORDER_DETAIL (MEAL_ORDER_DETAIL_NO,MEAL_ORDER_NO,MEAL_NO,MEAL_SET_NO,QTY,DETAIL_AMOUNT,ASGN_STS,MEAL_NAME) VALUES ('MOD0175','MEO0046','MEAL0001',NULL,2,680,0,'麻辣火鍋');
INSERT INTO MEAL_ORDER_DETAIL (MEAL_ORDER_DETAIL_NO,MEAL_ORDER_NO,MEAL_NO,MEAL_SET_NO,QTY,DETAIL_AMOUNT,ASGN_STS,MEAL_NAME) VALUES ('MOD0176','MEO0046','MEAL0004',NULL,1,380,0,'雪花牛肉');
INSERT INTO MEAL_ORDER_DETAIL (MEAL_ORDER_DETAIL_NO,MEAL_ORDER_NO,MEAL_NO,MEAL_SET_NO,QTY,DETAIL_AMOUNT,ASGN_STS,MEAL_NAME) VALUES ('MOD0177','MEO0046','MEAL0006',NULL,4,99,0,'肥腸');
INSERT INTO MEAL_ORDER_DETAIL (MEAL_ORDER_DETAIL_NO,MEAL_ORDER_NO,MEAL_NO,MEAL_SET_NO,QTY,DETAIL_AMOUNT,ASGN_STS,MEAL_NAME) VALUES ('MOD0178','MEO0046',NULL,'MES0001',1,1080,0,'麻辣火鍋套餐');
INSERT INTO MEAL_ORDER_DETAIL (MEAL_ORDER_DETAIL_NO,MEAL_ORDER_NO,MEAL_NO,MEAL_SET_NO,QTY,DETAIL_AMOUNT,ASGN_STS,MEAL_NAME) VALUES ('MOD0179','MEO0046',NULL,'MES0002',1,1780,0,'養生火鍋套餐');

INSERT INTO MEAL_ORDER_DETAIL (MEAL_ORDER_DETAIL_NO,MEAL_ORDER_NO,MEAL_NO,MEAL_SET_NO,QTY,DETAIL_AMOUNT,ASGN_STS,MEAL_NAME) VALUES ('MOD0180','MEO0047','MEAL0002',NULL,1,780,0,'養生火鍋');
INSERT INTO MEAL_ORDER_DETAIL (MEAL_ORDER_DETAIL_NO,MEAL_ORDER_NO,MEAL_NO,MEAL_SET_NO,QTY,DETAIL_AMOUNT,ASGN_STS,MEAL_NAME) VALUES ('MOD0181','MEO0047','MEAL0005',NULL,1,180,0,'梅花豬肉');
INSERT INTO MEAL_ORDER_DETAIL (MEAL_ORDER_DETAIL_NO,MEAL_ORDER_NO,MEAL_NO,MEAL_SET_NO,QTY,DETAIL_AMOUNT,ASGN_STS,MEAL_NAME) VALUES ('MOD0182','MEO0047','MEAL0006',NULL,3,99,0,'肥腸');
INSERT INTO MEAL_ORDER_DETAIL (MEAL_ORDER_DETAIL_NO,MEAL_ORDER_NO,MEAL_NO,MEAL_SET_NO,QTY,DETAIL_AMOUNT,ASGN_STS,MEAL_NAME) VALUES ('MOD0183','MEO0047',NULL,'MES0003',1,1888,0,'鴛鴦火鍋套餐');
INSERT INTO MEAL_ORDER_DETAIL (MEAL_ORDER_DETAIL_NO,MEAL_ORDER_NO,MEAL_NO,MEAL_SET_NO,QTY,DETAIL_AMOUNT,ASGN_STS,MEAL_NAME) VALUES ('MOD0184','MEO0047',NULL,'MES0002',1,1780,0,'養生火鍋套餐');

INSERT INTO MEAL_ORDER_DETAIL (MEAL_ORDER_DETAIL_NO,MEAL_ORDER_NO,MEAL_NO,MEAL_SET_NO,QTY,DETAIL_AMOUNT,ASGN_STS,MEAL_NAME) VALUES ('MOD0185','MEO0048','MEAL0001',NULL,1,780,0,'養生火鍋');
INSERT INTO MEAL_ORDER_DETAIL (MEAL_ORDER_DETAIL_NO,MEAL_ORDER_NO,MEAL_NO,MEAL_SET_NO,QTY,DETAIL_AMOUNT,ASGN_STS,MEAL_NAME) VALUES ('MOD0186','MEO0048','MEAL0005',NULL,2,180,0,'梅花豬肉');
INSERT INTO MEAL_ORDER_DETAIL (MEAL_ORDER_DETAIL_NO,MEAL_ORDER_NO,MEAL_NO,MEAL_SET_NO,QTY,DETAIL_AMOUNT,ASGN_STS,MEAL_NAME) VALUES ('MOD0187','MEO0048','MEAL0007',NULL,2,99,0,'牛筋');
INSERT INTO MEAL_ORDER_DETAIL (MEAL_ORDER_DETAIL_NO,MEAL_ORDER_NO,MEAL_NO,MEAL_SET_NO,QTY,DETAIL_AMOUNT,ASGN_STS,MEAL_NAME) VALUES ('MOD0188','MEO0048',NULL,'MES0001',1,1080,0,'麻辣火鍋套餐');
INSERT INTO MEAL_ORDER_DETAIL (MEAL_ORDER_DETAIL_NO,MEAL_ORDER_NO,MEAL_NO,MEAL_SET_NO,QTY,DETAIL_AMOUNT,ASGN_STS,MEAL_NAME) VALUES ('MOD0189','MEO0048',NULL,'MES0003',1,1888,0,'鴛鴦火鍋套餐');

INSERT INTO MEAL_ORDER_DETAIL (MEAL_ORDER_DETAIL_NO,MEAL_ORDER_NO,MEAL_NO,MEAL_SET_NO,QTY,DETAIL_AMOUNT,ASGN_STS,MEAL_NAME) VALUES ('MOD0190','MEO0049','MEAL0001',NULL,1,780,0,'養生火鍋');
INSERT INTO MEAL_ORDER_DETAIL (MEAL_ORDER_DETAIL_NO,MEAL_ORDER_NO,MEAL_NO,MEAL_SET_NO,QTY,DETAIL_AMOUNT,ASGN_STS,MEAL_NAME) VALUES ('MOD0191','MEO0049','MEAL0004',NULL,4,380,0,'雪花牛肉');
INSERT INTO MEAL_ORDER_DETAIL (MEAL_ORDER_DETAIL_NO,MEAL_ORDER_NO,MEAL_NO,MEAL_SET_NO,QTY,DETAIL_AMOUNT,ASGN_STS,MEAL_NAME) VALUES ('MOD0192','MEO0049','MEAL0005',NULL,2,180,0,'梅花豬肉');
INSERT INTO MEAL_ORDER_DETAIL (MEAL_ORDER_DETAIL_NO,MEAL_ORDER_NO,MEAL_NO,MEAL_SET_NO,QTY,DETAIL_AMOUNT,ASGN_STS,MEAL_NAME) VALUES ('MOD0193','MEO0049',NULL,'MES0001',1,1080,0,'麻辣火鍋套餐');
INSERT INTO MEAL_ORDER_DETAIL (MEAL_ORDER_DETAIL_NO,MEAL_ORDER_NO,MEAL_NO,MEAL_SET_NO,QTY,DETAIL_AMOUNT,ASGN_STS,MEAL_NAME) VALUES ('MOD0194','MEO0049',NULL,'MES0003',1,1888,0,'鴛鴦火鍋套餐');

INSERT INTO MEAL_ORDER_DETAIL (MEAL_ORDER_DETAIL_NO,MEAL_ORDER_NO,MEAL_NO,MEAL_SET_NO,QTY,DETAIL_AMOUNT,ASGN_STS,MEAL_NAME) VALUES ('MOD0195','MEO0050','MEAL0003',NULL,1,780,0,'鴛鴦火鍋');
INSERT INTO MEAL_ORDER_DETAIL (MEAL_ORDER_DETAIL_NO,MEAL_ORDER_NO,MEAL_NO,MEAL_SET_NO,QTY,DETAIL_AMOUNT,ASGN_STS,MEAL_NAME) VALUES ('MOD0196','MEO0050','MEAL0004',NULL,2,380,0,'雪花牛肉');
INSERT INTO MEAL_ORDER_DETAIL (MEAL_ORDER_DETAIL_NO,MEAL_ORDER_NO,MEAL_NO,MEAL_SET_NO,QTY,DETAIL_AMOUNT,ASGN_STS,MEAL_NAME) VALUES ('MOD0197','MEO0050','MEAL0007',NULL,2,99,0,'牛筋');
INSERT INTO MEAL_ORDER_DETAIL (MEAL_ORDER_DETAIL_NO,MEAL_ORDER_NO,MEAL_NO,MEAL_SET_NO,QTY,DETAIL_AMOUNT,ASGN_STS,MEAL_NAME) VALUES ('MOD0198','MEO0050',NULL,'MES0002',1,1780,0,'養生火鍋套餐');
INSERT INTO MEAL_ORDER_DETAIL (MEAL_ORDER_DETAIL_NO,MEAL_ORDER_NO,MEAL_NO,MEAL_SET_NO,QTY,DETAIL_AMOUNT,ASGN_STS,MEAL_NAME) VALUES ('MOD0199','MEO0050',NULL,'MES0003',1,1888,0,'鴛鴦火鍋套餐');

INSERT INTO MEAL_ORDER_DETAIL (MEAL_ORDER_DETAIL_NO,MEAL_ORDER_NO,MEAL_NO,MEAL_SET_NO,QTY,DETAIL_AMOUNT,ASGN_STS,MEAL_NAME) VALUES ('MOD0200','MEO0051','MEAL0003',NULL,1,780,0,'鴛鴦火鍋');
INSERT INTO MEAL_ORDER_DETAIL (MEAL_ORDER_DETAIL_NO,MEAL_ORDER_NO,MEAL_NO,MEAL_SET_NO,QTY,DETAIL_AMOUNT,ASGN_STS,MEAL_NAME) VALUES ('MOD0201','MEO0051','MEAL0005',NULL,4,180,0,'梅花豬肉');
INSERT INTO MEAL_ORDER_DETAIL (MEAL_ORDER_DETAIL_NO,MEAL_ORDER_NO,MEAL_NO,MEAL_SET_NO,QTY,DETAIL_AMOUNT,ASGN_STS,MEAL_NAME) VALUES ('MOD0202','MEO0051','MEAL0006',NULL,3,99,0,'肥腸');
INSERT INTO MEAL_ORDER_DETAIL (MEAL_ORDER_DETAIL_NO,MEAL_ORDER_NO,MEAL_NO,MEAL_SET_NO,QTY,DETAIL_AMOUNT,ASGN_STS,MEAL_NAME) VALUES ('MOD0203','MEO0051',NULL,'MES0002',1,1780,0,'養生火鍋套餐');
INSERT INTO MEAL_ORDER_DETAIL (MEAL_ORDER_DETAIL_NO,MEAL_ORDER_NO,MEAL_NO,MEAL_SET_NO,QTY,DETAIL_AMOUNT,ASGN_STS,MEAL_NAME) VALUES ('MOD0204','MEO0051',NULL,'MES0003',1,1888,0,'鴛鴦火鍋套餐');

INSERT INTO MEAL_ORDER_DETAIL (MEAL_ORDER_DETAIL_NO,MEAL_ORDER_NO,MEAL_NO,MEAL_SET_NO,QTY,DETAIL_AMOUNT,ASGN_STS,MEAL_NAME) VALUES ('MOD0205','MEO0052','MEAL0003',NULL,1,780,0,'鴛鴦火鍋');
INSERT INTO MEAL_ORDER_DETAIL (MEAL_ORDER_DETAIL_NO,MEAL_ORDER_NO,MEAL_NO,MEAL_SET_NO,QTY,DETAIL_AMOUNT,ASGN_STS,MEAL_NAME) VALUES ('MOD0206','MEO0052','MEAL0004',NULL,2,380,0,'雪花牛肉');
INSERT INTO MEAL_ORDER_DETAIL (MEAL_ORDER_DETAIL_NO,MEAL_ORDER_NO,MEAL_NO,MEAL_SET_NO,QTY,DETAIL_AMOUNT,ASGN_STS,MEAL_NAME) VALUES ('MOD0207','MEO0052','MEAL0007',NULL,2,99,0,'牛筋');

INSERT INTO MEAL_ORDER_DETAIL (MEAL_ORDER_DETAIL_NO,MEAL_ORDER_NO,MEAL_NO,MEAL_SET_NO,QTY,DETAIL_AMOUNT,ASGN_STS,MEAL_NAME) VALUES ('MOD0208','MEO0053','MEAL0001',NULL,1,680,0,'麻辣火鍋');
INSERT INTO MEAL_ORDER_DETAIL (MEAL_ORDER_DETAIL_NO,MEAL_ORDER_NO,MEAL_NO,MEAL_SET_NO,QTY,DETAIL_AMOUNT,ASGN_STS,MEAL_NAME) VALUES ('MOD0209','MEO0053','MEAL0004',NULL,2,380,0,'雪花牛肉');
INSERT INTO MEAL_ORDER_DETAIL (MEAL_ORDER_DETAIL_NO,MEAL_ORDER_NO,MEAL_NO,MEAL_SET_NO,QTY,DETAIL_AMOUNT,ASGN_STS,MEAL_NAME) VALUES ('MOD0210','MEO0053','MEAL0006',NULL,2,99,0,'肥腸');

INSERT INTO MEAL_ORDER_DETAIL (MEAL_ORDER_DETAIL_NO,MEAL_ORDER_NO,MEAL_NO,MEAL_SET_NO,QTY,DETAIL_AMOUNT,ASGN_STS,MEAL_NAME) VALUES ('MOD0211','MEO0054','MEAL0006',NULL,3,99,0,'肥腸');
INSERT INTO MEAL_ORDER_DETAIL (MEAL_ORDER_DETAIL_NO,MEAL_ORDER_NO,MEAL_NO,MEAL_SET_NO,QTY,DETAIL_AMOUNT,ASGN_STS,MEAL_NAME) VALUES ('MOD0212','MEO0054',NULL,'MES0002',1,1780,0,'養生火鍋套餐');

INSERT INTO MEAL_ORDER_DETAIL (MEAL_ORDER_DETAIL_NO,MEAL_ORDER_NO,MEAL_NO,MEAL_SET_NO,QTY,DETAIL_AMOUNT,ASGN_STS,MEAL_NAME) VALUES ('MOD0213','MEO0055','MEAL0004',NULL,2,380,0,'雪花牛肉');
INSERT INTO MEAL_ORDER_DETAIL (MEAL_ORDER_DETAIL_NO,MEAL_ORDER_NO,MEAL_NO,MEAL_SET_NO,QTY,DETAIL_AMOUNT,ASGN_STS,MEAL_NAME) VALUES ('MOD0214','MEO0055','MEAL0005',NULL,2,180,0,'梅花豬肉');
INSERT INTO MEAL_ORDER_DETAIL (MEAL_ORDER_DETAIL_NO,MEAL_ORDER_NO,MEAL_NO,MEAL_SET_NO,QTY,DETAIL_AMOUNT,ASGN_STS,MEAL_NAME) VALUES ('MOD0215','MEO0055',NULL,'MES0001',1,1080,0,'麻辣火鍋套餐');

INSERT INTO MEAL_ORDER_DETAIL (MEAL_ORDER_DETAIL_NO,MEAL_ORDER_NO,MEAL_NO,MEAL_SET_NO,QTY,DETAIL_AMOUNT,ASGN_STS,MEAL_NAME) VALUES ('MOD0216','MEO0056','MEAL0003',NULL,2,780,0,'鴛鴦火鍋');
INSERT INTO MEAL_ORDER_DETAIL (MEAL_ORDER_DETAIL_NO,MEAL_ORDER_NO,MEAL_NO,MEAL_SET_NO,QTY,DETAIL_AMOUNT,ASGN_STS,MEAL_NAME) VALUES ('MOD0217','MEO0056','MEAL0005',NULL,1,180,0,'梅花豬肉');
INSERT INTO MEAL_ORDER_DETAIL (MEAL_ORDER_DETAIL_NO,MEAL_ORDER_NO,MEAL_NO,MEAL_SET_NO,QTY,DETAIL_AMOUNT,ASGN_STS,MEAL_NAME) VALUES ('MOD0218','MEO0056','MEAL0006',NULL,1,99,0,'肥腸');
INSERT INTO MEAL_ORDER_DETAIL (MEAL_ORDER_DETAIL_NO,MEAL_ORDER_NO,MEAL_NO,MEAL_SET_NO,QTY,DETAIL_AMOUNT,ASGN_STS,MEAL_NAME) VALUES ('MOD0219','MEO0056',NULL,'MES0002',1,1780,0,'養生火鍋套餐');
INSERT INTO MEAL_ORDER_DETAIL (MEAL_ORDER_DETAIL_NO,MEAL_ORDER_NO,MEAL_NO,MEAL_SET_NO,QTY,DETAIL_AMOUNT,ASGN_STS,MEAL_NAME) VALUES ('MOD0220','MEO0056',NULL,'MES0003',1,1888,0,'鴛鴦火鍋套餐');

INSERT INTO MEAL_ORDER_DETAIL (MEAL_ORDER_DETAIL_NO,MEAL_ORDER_NO,MEAL_NO,MEAL_SET_NO,QTY,DETAIL_AMOUNT,ASGN_STS,MEAL_NAME) VALUES ('MOD0221','MEO0057','MEAL0005',NULL,2,180,0,'梅花豬肉');
INSERT INTO MEAL_ORDER_DETAIL (MEAL_ORDER_DETAIL_NO,MEAL_ORDER_NO,MEAL_NO,MEAL_SET_NO,QTY,DETAIL_AMOUNT,ASGN_STS,MEAL_NAME) VALUES ('MOD0222','MEO0057','MEAL0006',NULL,1,99,0,'肥腸');
INSERT INTO MEAL_ORDER_DETAIL (MEAL_ORDER_DETAIL_NO,MEAL_ORDER_NO,MEAL_NO,MEAL_SET_NO,QTY,DETAIL_AMOUNT,ASGN_STS,MEAL_NAME) VALUES ('MOD0223','MEO0057',NULL,'MES0002',1,1780,0,'養生火鍋套餐');

INSERT INTO MEAL_ORDER_DETAIL (MEAL_ORDER_DETAIL_NO,MEAL_ORDER_NO,MEAL_NO,MEAL_SET_NO,QTY,DETAIL_AMOUNT,ASGN_STS,MEAL_NAME) VALUES ('MOD0224','MEO0058',NULL,'MES0002',1,1780,0,'養生火鍋套餐');

INSERT INTO MEAL_ORDER_DETAIL (MEAL_ORDER_DETAIL_NO,MEAL_ORDER_NO,MEAL_NO,MEAL_SET_NO,QTY,DETAIL_AMOUNT,ASGN_STS,MEAL_NAME) VALUES ('MOD0225','MEO0059','MEAL0003',NULL,2,780,0,'鴛鴦火鍋');
INSERT INTO MEAL_ORDER_DETAIL (MEAL_ORDER_DETAIL_NO,MEAL_ORDER_NO,MEAL_NO,MEAL_SET_NO,QTY,DETAIL_AMOUNT,ASGN_STS,MEAL_NAME) VALUES ('MOD0226','MEO0059','MEAL0004',NULL,3,380,0,'雪花牛肉');
INSERT INTO MEAL_ORDER_DETAIL (MEAL_ORDER_DETAIL_NO,MEAL_ORDER_NO,MEAL_NO,MEAL_SET_NO,QTY,DETAIL_AMOUNT,ASGN_STS,MEAL_NAME) VALUES ('MOD0227','MEO0059','MEAL0007',NULL,1,99,0,'牛筋');

INSERT INTO MEAL_ORDER_DETAIL (MEAL_ORDER_DETAIL_NO,MEAL_ORDER_NO,MEAL_NO,MEAL_SET_NO,QTY,DETAIL_AMOUNT,ASGN_STS,MEAL_NAME) VALUES ('MOD0228','MEO0060','MEAL0003',NULL,1,780,0,'鴛鴦火鍋');
INSERT INTO MEAL_ORDER_DETAIL (MEAL_ORDER_DETAIL_NO,MEAL_ORDER_NO,MEAL_NO,MEAL_SET_NO,QTY,DETAIL_AMOUNT,ASGN_STS,MEAL_NAME) VALUES ('MOD0229','MEO0060','MEAL0005',NULL,2,180,0,'梅花豬肉');
INSERT INTO MEAL_ORDER_DETAIL (MEAL_ORDER_DETAIL_NO,MEAL_ORDER_NO,MEAL_NO,MEAL_SET_NO,QTY,DETAIL_AMOUNT,ASGN_STS,MEAL_NAME) VALUES ('MOD0230','MEO0060','MEAL0006',NULL,2,99,0,'肥腸');
INSERT INTO MEAL_ORDER_DETAIL (MEAL_ORDER_DETAIL_NO,MEAL_ORDER_NO,MEAL_NO,MEAL_SET_NO,QTY,DETAIL_AMOUNT,ASGN_STS,MEAL_NAME) VALUES ('MOD0231','MEO0060',NULL,'MES0002',1,1780,0,'養生火鍋套餐');
INSERT INTO MEAL_ORDER_DETAIL (MEAL_ORDER_DETAIL_NO,MEAL_ORDER_NO,MEAL_NO,MEAL_SET_NO,QTY,DETAIL_AMOUNT,ASGN_STS,MEAL_NAME) VALUES ('MOD0232','MEO0060',NULL,'MES0003',1,1888,0,'鴛鴦火鍋套餐');

--餐點種類----------------------------------------------------------------------------------------------------------------------
CREATE TABLE MEAL_CATEGORY (
    CAT_NO NUMBER(10) NOT NULL,
    CAT_NAME VARCHAR2(40) NOT NULL
);

INSERT INTO MEAL_CATEGORY (CAT_NO,CAT_NAME) VALUES (10,'火鍋');
INSERT INTO MEAL_CATEGORY (CAT_NO,CAT_NAME) VALUES (20,'肉品');
INSERT INTO MEAL_CATEGORY (CAT_NO,CAT_NAME) VALUES (30,'火鍋料');
INSERT INTO MEAL_CATEGORY (CAT_NO,CAT_NAME) VALUES (40,'飲品');
INSERT INTO MEAL_CATEGORY (CAT_NO,CAT_NAME) VALUES (50,'套餐');
--套餐--------------------------------------------------------------------------------------------------------------------------
CREATE TABLE MEAL_SET (
    MEAL_SET_NO VARCHAR2(40) NOT NULL,
    MEAL_SET_NAME VARCHAR2(60) NOT NULL,
    MEAL_SET_INFO VARCHAR2(300) NOT NULL,
    MEAL_SET_IMG BLOB NOT NULL,
    MEAL_SET_PRICE NUMBER(5) NOT NULL,
    MEAL_SET_STS NUMBER(1) DEFAULT(0) NOT NULL,
    CAT_NO NUMBER(10) NOT NULL
);

INSERT INTO MEAL_SET (MEAL_SET_NO,MEAL_SET_NAME,MEAL_SET_INFO,MEAL_SET_IMG,MEAL_SET_PRICE,MEAL_SET_STS,CAT_NO) VALUES ('MES0001','麻辣火鍋套餐','不錯吃',EMPTY_BLOB(),1080,1,50);
INSERT INTO MEAL_SET (MEAL_SET_NO,MEAL_SET_NAME,MEAL_SET_INFO,MEAL_SET_IMG,MEAL_SET_PRICE,MEAL_SET_STS,CAT_NO) VALUES ('MES0002','養生火鍋套餐','一個人的養生法',EMPTY_BLOB(),1780,1,50);
INSERT INTO MEAL_SET (MEAL_SET_NO,MEAL_SET_NAME,MEAL_SET_INFO,MEAL_SET_IMG,MEAL_SET_PRICE,MEAL_SET_STS,CAT_NO) VALUES ('MES0003','鴛鴦火鍋套餐','適合鴛鴦大盜一起吃',EMPTY_BLOB(),1888,1,50);
--套餐組成----------------------------------------------------------------------------------------------------------------------
CREATE TABLE MEAL_SET_CONSIST (
    MEAL_SET_NO VARCHAR2(40) NOT NULL,
    MEAL_NO VARCHAR2(40) NOT NULL,
    MEAL_QTY NUMBER(3) DEFAULT(1) NOT NULL
);

INSERT INTO MEAL_SET_CONSIST (MEAL_SET_NO,MEAL_NO) VALUES ('MES0001','MEAL0001');
INSERT INTO MEAL_SET_CONSIST (MEAL_SET_NO,MEAL_NO) VALUES ('MES0001','MEAL0005');
INSERT INTO MEAL_SET_CONSIST (MEAL_SET_NO,MEAL_NO) VALUES ('MES0001','MEAL0007');
INSERT INTO MEAL_SET_CONSIST (MEAL_SET_NO,MEAL_NO) VALUES ('MES0002','MEAL0002');
INSERT INTO MEAL_SET_CONSIST (MEAL_SET_NO,MEAL_NO) VALUES ('MES0002','MEAL0004');
INSERT INTO MEAL_SET_CONSIST (MEAL_SET_NO,MEAL_NO) VALUES ('MES0002','MEAL0006');
--餐點--------------------------------------------------------------------------------------------------------------------------
CREATE TABLE MEAL (
    MEAL_NO VARCHAR2(40) NOT NULL,
    MEAL_NAME VARCHAR2(60) NOT NULL,
    MEAL_INFO VARCHAR2(300) NOT NULL,
    MEAL_IMG BLOB,
    MEAL_PRICE NUMBER(5) NOT NULL,
    MEAL_STS NUMBER(1) DEFAULT(0) NOT NULL,
    CAT_NO NUMBER(10) NOT NULL
);

INSERT INTO MEAL (MEAL_NO,MEAL_NAME,MEAL_INFO,MEAL_PRICE,MEAL_STS,CAT_NO) VALUES ('MEAL0001','麻辣火鍋','不錯吃',680,1,10);
INSERT INTO MEAL (MEAL_NO,MEAL_NAME,MEAL_INFO,MEAL_PRICE,MEAL_STS,CAT_NO) VALUES ('MEAL0002','養生火鍋','一個人的養生法',780,1,10);
INSERT INTO MEAL (MEAL_NO,MEAL_NAME,MEAL_INFO,MEAL_PRICE,MEAL_STS,CAT_NO) VALUES ('MEAL0003','鴛鴦火鍋','適合鴛鴦大盜一起吃',888,1,10);
INSERT INTO MEAL (MEAL_NO,MEAL_NAME,MEAL_INFO,MEAL_PRICE,MEAL_STS,CAT_NO) VALUES ('MEAL0004','雪花牛肉','雪一片一片一片落下',380,1,20);
INSERT INTO MEAL (MEAL_NO,MEAL_NAME,MEAL_INFO,MEAL_PRICE,MEAL_STS,CAT_NO) VALUES ('MEAL0005','梅花豬肉','很便宜',180,1,20);
INSERT INTO MEAL (MEAL_NO,MEAL_NAME,MEAL_INFO,MEAL_PRICE,MEAL_STS,CAT_NO) VALUES ('MEAL0006','肥腸','很便宜',99,1,30);
INSERT INTO MEAL (MEAL_NO,MEAL_NAME,MEAL_INFO,MEAL_PRICE,MEAL_STS,CAT_NO) VALUES ('MEAL0007','牛筋','很便宜',99,1,30);
INSERT INTO MEAL (MEAL_NO,MEAL_NAME,MEAL_INFO,MEAL_PRICE,MEAL_STS,CAT_NO) VALUES ('MEAL0008','美式咖啡','很便宜',120,1,40);
INSERT INTO MEAL (MEAL_NO,MEAL_NAME,MEAL_INFO,MEAL_PRICE,MEAL_STS,CAT_NO) VALUES ('MEAL0009','可樂','很便宜',80,1,40);
--食材--------------------------------------------------------------------------------------------------------------------------
CREATE TABLE FOOD (
    FD_NO VARCHAR2(40) NOT NULL,
    FD_NAME VARCHAR2(20) NOT NULL,
    FD_ISDEL NUMBER(1) NOT NULL,
    FD_STK NUMBER(10) NOT NULL,
    STK_LL NUMBER(10) NOT NULL,
    Cal NUMBER(6,1) NOT NULL, --熱量
    Prot NUMBER(6,1) NOT NULL, --蛋白質
    Carb NUMBER(6,1) NOT NULL, --碳水    
    Fat NUMBER(6,1) NOT NULL --脂肪
);

INSERT INTO FOOD (FD_NO,FD_NAME,FD_ISDEL,FD_STK,STK_LL,CAL,Prot,Carb,Fat) VALUES ('FD0001','麻辣湯底',1,50000,10000,62.4,1.3,56.4,1.1);
INSERT INTO FOOD (FD_NO,FD_NAME,FD_ISDEL,FD_STK,STK_LL,CAL,Prot,Carb,Fat) VALUES ('FD0002','養生湯底',1,100000,30000,70.5,1.8,55.3,1.8);
INSERT INTO FOOD (FD_NO,FD_NAME,FD_ISDEL,FD_STK,STK_LL,CAL,Prot,Carb,Fat) VALUES ('FD0003','麻辣養生湯底',1,100000,50000,76.8,1.2,61.1,6);
INSERT INTO FOOD (FD_NO,FD_NAME,FD_ISDEL,FD_STK,STK_LL,CAL,Prot,Carb,Fat) VALUES ('FD0004','雪花牛肉',1,50000,10000,250,19,0,18);
INSERT INTO FOOD (FD_NO,FD_NAME,FD_ISDEL,FD_STK,STK_LL,CAL,Prot,Carb,Fat) VALUES ('FD0005','梅花豬肉',1,100000,30000,207,18.9,0,14);
INSERT INTO FOOD (FD_NO,FD_NAME,FD_ISDEL,FD_STK,STK_LL,CAL,Prot,Carb,Fat) VALUES ('FD0006','肥腸',1,100000,50000,150,6.7,0.9,12);
INSERT INTO FOOD (FD_NO,FD_NAME,FD_ISDEL,FD_STK,STK_LL,CAL,Prot,Carb,Fat) VALUES ('FD0007','牛筋',1,50000,10000,157,21.7,3.3,7.1);
INSERT INTO FOOD (FD_NO,FD_NAME,FD_ISDEL,FD_STK,STK_LL,CAL,Prot,Carb,Fat) VALUES ('FD0008','凍豆腐',1,100000,30000,130.8,12.9,3.9,7.1);
INSERT INTO FOOD (FD_NO,FD_NAME,FD_ISDEL,FD_STK,STK_LL,CAL,Prot,Carb,Fat) VALUES ('FD0009','豆皮',1,100000,50000,491,50.5,4.6,30.1);
INSERT INTO FOOD (FD_NO,FD_NAME,FD_ISDEL,FD_STK,STK_LL,CAL,Prot,Carb,Fat) VALUES ('FD0010','金針菇',1,50000,10000,33,2.6,7.2,0.3);
INSERT INTO FOOD (FD_NO,FD_NAME,FD_ISDEL,FD_STK,STK_LL,CAL,Prot,Carb,Fat) VALUES ('FD0011','杏鮑菇',1,50000,10000,35,2.7,8.3,0.2);
INSERT INTO FOOD (FD_NO,FD_NAME,FD_ISDEL,FD_STK,STK_LL,CAL,Prot,Carb,Fat) VALUES ('FD0012','小香腸',1,100000,30000,370,17,8,30);
INSERT INTO FOOD (FD_NO,FD_NAME,FD_ISDEL,FD_STK,STK_LL,CAL,Prot,Carb,Fat) VALUES ('FD0013','高麗菜',1,100000,50000,21,1.3,4.7,0.1);
INSERT INTO FOOD (FD_NO,FD_NAME,FD_ISDEL,FD_STK,STK_LL,CAL,Prot,Carb,Fat) VALUES ('FD0014','蟹肉棒',1,50000,10000,97,8.2,14.3,0.9);
INSERT INTO FOOD (FD_NO,FD_NAME,FD_ISDEL,FD_STK,STK_LL,CAL,Prot,Carb,Fat) VALUES ('FD0015','魚板',1,100000,30000,127,10,17.6,0.4);
INSERT INTO FOOD (FD_NO,FD_NAME,FD_ISDEL,FD_STK,STK_LL,CAL,Prot,Carb,Fat) VALUES ('FD0016','貢丸',1,100000,50000,258.6,16.3,4.7,19.4);
INSERT INTO FOOD (FD_NO,FD_NAME,FD_ISDEL,FD_STK,STK_LL,CAL,Prot,Carb,Fat) VALUES ('FD0017','玉米',1,50000,10000,86,3.2,19.2,1.1);
INSERT INTO FOOD (FD_NO,FD_NAME,FD_ISDEL,FD_STK,STK_LL,CAL,Prot,Carb,Fat) VALUES ('FD0018','美式咖啡',1,100000,30000,1,0.1,0.4,0.2);
INSERT INTO FOOD (FD_NO,FD_NAME,FD_ISDEL,FD_STK,STK_LL,CAL,Prot,Carb,Fat) VALUES ('FD0019','可樂',1,100000,50000,180,0,10.6,0);

--餐點組成-----------------------------------------------------------------------------------------------------------------------
CREATE TABLE MEAL_PART (
    MEAL_NO VARCHAR2(40) NOT NULL,
    FD_NO VARCHAR2(40) NOT NULL,
    FD_GW NUMBER(5,2) NOT NULL
);

INSERT INTO MEAL_PART (MEAL_NO,FD_NO,FD_GW) VALUES ('MEAL0001','FD0001',500);
INSERT INTO MEAL_PART (MEAL_NO,FD_NO,FD_GW) VALUES ('MEAL0001','FD0004',150);
INSERT INTO MEAL_PART (MEAL_NO,FD_NO,FD_GW) VALUES ('MEAL0001','FD0006',100);
INSERT INTO MEAL_PART (MEAL_NO,FD_NO,FD_GW) VALUES ('MEAL0001','FD0007',100);
INSERT INTO MEAL_PART (MEAL_NO,FD_NO,FD_GW) VALUES ('MEAL0001','FD0008',150);
INSERT INTO MEAL_PART (MEAL_NO,FD_NO,FD_GW) VALUES ('MEAL0001','FD0010',100);
INSERT INTO MEAL_PART (MEAL_NO,FD_NO,FD_GW) VALUES ('MEAL0001','FD0013',150);
INSERT INTO MEAL_PART (MEAL_NO,FD_NO,FD_GW) VALUES ('MEAL0001','FD0014',80);
INSERT INTO MEAL_PART (MEAL_NO,FD_NO,FD_GW) VALUES ('MEAL0001','FD0015',50);
INSERT INTO MEAL_PART (MEAL_NO,FD_NO,FD_GW) VALUES ('MEAL0001','FD0016',100);
INSERT INTO MEAL_PART (MEAL_NO,FD_NO,FD_GW) VALUES ('MEAL0001','FD0017',80);
INSERT INTO MEAL_PART (MEAL_NO,FD_NO,FD_GW) VALUES ('MEAL0002','FD0002',500);
INSERT INTO MEAL_PART (MEAL_NO,FD_NO,FD_GW) VALUES ('MEAL0002','FD0004',150);
INSERT INTO MEAL_PART (MEAL_NO,FD_NO,FD_GW) VALUES ('MEAL0002','FD0006',100);
INSERT INTO MEAL_PART (MEAL_NO,FD_NO,FD_GW) VALUES ('MEAL0002','FD0007',100);
INSERT INTO MEAL_PART (MEAL_NO,FD_NO,FD_GW) VALUES ('MEAL0002','FD0008',150);
INSERT INTO MEAL_PART (MEAL_NO,FD_NO,FD_GW) VALUES ('MEAL0002','FD0010',100);
INSERT INTO MEAL_PART (MEAL_NO,FD_NO,FD_GW) VALUES ('MEAL0002','FD0013',150);
INSERT INTO MEAL_PART (MEAL_NO,FD_NO,FD_GW) VALUES ('MEAL0002','FD0014',80);
INSERT INTO MEAL_PART (MEAL_NO,FD_NO,FD_GW) VALUES ('MEAL0002','FD0015',50);
INSERT INTO MEAL_PART (MEAL_NO,FD_NO,FD_GW) VALUES ('MEAL0002','FD0016',100);
INSERT INTO MEAL_PART (MEAL_NO,FD_NO,FD_GW) VALUES ('MEAL0002','FD0017',80);
INSERT INTO MEAL_PART (MEAL_NO,FD_NO,FD_GW) VALUES ('MEAL0003','FD0003',500);
INSERT INTO MEAL_PART (MEAL_NO,FD_NO,FD_GW) VALUES ('MEAL0003','FD0004',150);
INSERT INTO MEAL_PART (MEAL_NO,FD_NO,FD_GW) VALUES ('MEAL0003','FD0006',100);
INSERT INTO MEAL_PART (MEAL_NO,FD_NO,FD_GW) VALUES ('MEAL0003','FD0007',100);
INSERT INTO MEAL_PART (MEAL_NO,FD_NO,FD_GW) VALUES ('MEAL0003','FD0008',150);
INSERT INTO MEAL_PART (MEAL_NO,FD_NO,FD_GW) VALUES ('MEAL0003','FD0010',100);
INSERT INTO MEAL_PART (MEAL_NO,FD_NO,FD_GW) VALUES ('MEAL0003','FD0013',150);
INSERT INTO MEAL_PART (MEAL_NO,FD_NO,FD_GW) VALUES ('MEAL0003','FD0014',80);
INSERT INTO MEAL_PART (MEAL_NO,FD_NO,FD_GW) VALUES ('MEAL0003','FD0015',50);
INSERT INTO MEAL_PART (MEAL_NO,FD_NO,FD_GW) VALUES ('MEAL0003','FD0016',100);
INSERT INTO MEAL_PART (MEAL_NO,FD_NO,FD_GW) VALUES ('MEAL0003','FD0017',80);
INSERT INTO MEAL_PART (MEAL_NO,FD_NO,FD_GW) VALUES ('MEAL0004','FD0004',100);
INSERT INTO MEAL_PART (MEAL_NO,FD_NO,FD_GW) VALUES ('MEAL0005','FD0005',100);
INSERT INTO MEAL_PART (MEAL_NO,FD_NO,FD_GW) VALUES ('MEAL0006','FD0006',160);
INSERT INTO MEAL_PART (MEAL_NO,FD_NO,FD_GW) VALUES ('MEAL0007','FD0007',160);
INSERT INTO MEAL_PART (MEAL_NO,FD_NO,FD_GW) VALUES ('MEAL0008','FD0018',300);
INSERT INTO MEAL_PART (MEAL_NO,FD_NO,FD_GW) VALUES ('MEAL0009','FD0019',300);
--訂位訂單-----------------------------------------------------------------------------------------------------------------------
CREATE TABLE RES_ORDER (
    RES_NO VARCHAR2(40) NOT NULL,
    MEAL_ORDER_NO VARCHAR2(40),
    MEM_NO VARCHAR2(40),
    EMP_NO VARCHAR2(40),
    RES_TIME TIMESTAMP(6) DEFAULT CURRENT_TIMESTAMP,
    RES_DATE DATE NOT NULL,
    PEOPLE NUMBER(3) DEFAULT(1),
    TIME_PERI_NO VARCHAR2(40),
    INFO_STS NUMBER(1) DEFAULT(0) NOT NULL,
    SEAT_STS NUMBER(1) DEFAULT(0) NOT NULL
);

INSERT INTO RES_ORDER (RES_NO, MEAL_ORDER_NO, MEM_NO, EMP_NO, RES_TIME, RES_DATE, PEOPLE, TIME_PERI_NO, INFO_STS, SEAT_STS) VALUES ('RESO0001', 'MEO0012', 'MEM0032', 'EMP0008', TO_TIMESTAMP('12-OCT-19 01.53.32.220000000 PM','DD-MON-RR HH.MI.SSXFF AM'), TO_DATE('2019-10-16','YY-MM-DD') , 8,'TP0006', 3, 0);
INSERT INTO RES_ORDER (RES_NO, MEAL_ORDER_NO, MEM_NO, EMP_NO, RES_TIME, RES_DATE, PEOPLE, TIME_PERI_NO, INFO_STS, SEAT_STS) VALUES ('RESO0002', 'MEO0002', 'MEM0032', 'EMP0008', TO_TIMESTAMP('21-NOV-19 07.01.03.779000000 PM','DD-MON-RR HH.MI.SSXFF AM'), TO_DATE('2019-11-25','YY-MM-DD') , 6,'TP0006', 2, 1);
INSERT INTO RES_ORDER (RES_NO, MEAL_ORDER_NO, MEM_NO, EMP_NO, RES_TIME, RES_DATE, PEOPLE, TIME_PERI_NO, INFO_STS, SEAT_STS) VALUES ('RESO0003', 'MEO0003', 'MEM0032', 'EMP0003', TO_TIMESTAMP('28-DEC-19 08.06.03.944000000 PM','DD-MON-RR HH.MI.SSXFF AM'), TO_DATE('2019-12-31','YY-MM-DD') , 7,'TP0006', 2, 1);
INSERT INTO RES_ORDER (RES_NO, MEAL_ORDER_NO, MEM_NO, EMP_NO, RES_TIME, RES_DATE, PEOPLE, TIME_PERI_NO, INFO_STS, SEAT_STS) VALUES ('RESO0004', 'MEO0004', 'MEM0032', 'EMP0003', TO_TIMESTAMP('20-JAN-20 01.20.36.548000000 PM','DD-MON-RR HH.MI.SSXFF AM'), TO_DATE('2020-01-30','YY-MM-DD') , 15,'TP0004', 2, 1);
INSERT INTO RES_ORDER (RES_NO, MEAL_ORDER_NO, MEM_NO, EMP_NO, RES_TIME, RES_DATE, PEOPLE, TIME_PERI_NO, INFO_STS, SEAT_STS) VALUES ('RESO0005', 'MEO0014', 'MEM0032', 'EMP0006', TO_TIMESTAMP('25-APR-20 11.25.40.025000000 PM','DD-MON-RR HH.MI.SSXFF AM'), TO_DATE('2020-04-29','YY-MM-DD') , 12,'TP0002', 2, 1);
INSERT INTO RES_ORDER (RES_NO, MEAL_ORDER_NO, MEM_NO, EMP_NO, RES_TIME, RES_DATE, PEOPLE, TIME_PERI_NO, INFO_STS, SEAT_STS) VALUES ('RESO0006', 'MEO0017', 'MEM0032', 'EMP0007', TO_TIMESTAMP('27-APR-20 08.25.40.025000000 AM','DD-MON-RR HH.MI.SSXFF AM'), TO_DATE('2020-05-05','YY-MM-DD') , 1,'TP0002', 2, 1);
INSERT INTO RES_ORDER (RES_NO, MEAL_ORDER_NO, MEM_NO, EMP_NO, RES_TIME, RES_DATE, PEOPLE, TIME_PERI_NO, INFO_STS, SEAT_STS) VALUES ('RESO0007', 'MEO0019', 'MEM0022', 'EMP0006', TO_TIMESTAMP('12-SEP-20 05.30.50.417000000 PM','DD-MON-RR HH.MI.SSXFF AM'), TO_DATE('2020-09-22','YY-MM-DD') , 2,'TP0001', 1, 1);
INSERT INTO RES_ORDER (RES_NO, MEAL_ORDER_NO, MEM_NO, EMP_NO, RES_TIME, RES_DATE, PEOPLE, TIME_PERI_NO, INFO_STS, SEAT_STS) VALUES ('RESO0008', 'MEO0022', 'MEM0020', 'EMP0007', TO_TIMESTAMP('14-SEP-20 08.30.50.417000000 AM','DD-MON-RR HH.MI.SSXFF AM'), TO_DATE('2020-09-25','YY-MM-DD') , 6,'TP0006', 3, 0);
INSERT INTO RES_ORDER (RES_NO, MEAL_ORDER_NO, MEM_NO, EMP_NO, RES_TIME, RES_DATE, PEOPLE, TIME_PERI_NO, INFO_STS, SEAT_STS) VALUES ('RESO0009', NULL, 'MEM0010', NULL, TO_TIMESTAMP('13-OCT-20 05.30.59.417000000 PM','DD-MON-RR HH.MI.SSXFF AM'), TO_DATE('2020-10-15','YY-MM-DD') , 3,'TP0005', 1, 0);
--訂位明細-----------------------------------------------------------------------------------------------------------------------
CREATE TABLE RES_DETAIL (
    RES_DE_NO VARCHAR2(40) NOT NULL,
    SEAT_NO VARCHAR2(40) NOT NULL,
    RES_NO VARCHAR2(40) NOT NULL
);

INSERT INTO RES_DETAIL (RES_DE_NO, SEAT_NO, RES_NO) VALUES ('RDN0001', 'SEN0015', 'RESO0001');
INSERT INTO RES_DETAIL (RES_DE_NO, SEAT_NO, RES_NO) VALUES ('RDN0002', 'SEN0011', 'RESO0002');
INSERT INTO RES_DETAIL (RES_DE_NO, SEAT_NO, RES_NO) VALUES ('RDN0003', 'SEN0015', 'RESO0003');
INSERT INTO RES_DETAIL (RES_DE_NO, SEAT_NO, RES_NO) VALUES ('RDN0004', 'SEN0015', 'RESO0004');
INSERT INTO RES_DETAIL (RES_DE_NO, SEAT_NO, RES_NO) VALUES ('RDN0005', 'SEN0014', 'RESO0004');
INSERT INTO RES_DETAIL (RES_DE_NO, SEAT_NO, RES_NO) VALUES ('RDN0006', 'SEN0015', 'RESO0005');
INSERT INTO RES_DETAIL (RES_DE_NO, SEAT_NO, RES_NO) VALUES ('RDN0007', 'SEN0007', 'RESO0005');
INSERT INTO RES_DETAIL (RES_DE_NO, SEAT_NO, RES_NO) VALUES ('RDN0008', 'SEN0001', 'RESO0006');
INSERT INTO RES_DETAIL (RES_DE_NO, SEAT_NO, RES_NO) VALUES ('RDN0009', 'SEN0004', 'RESO0007');
INSERT INTO RES_DETAIL (RES_DE_NO, SEAT_NO, RES_NO) VALUES ('RDN0010', 'SEN0012', 'RESO0008');
--前台通知-----------------------------------------------------------------------------------------------------------------------
CREATE TABLE FRONT_INFORM (
    INFO_NO VARCHAR2(40) NOT NULL,
    MEM_NO VARCHAR2(40) NOT NULL,
    RES_NO VARCHAR2(40),
    INFO_CONT VARCHAR2(300) NOT NULL,
	INFO_DATE TIMESTAMP DEFAULT CURRENT_TIMESTAMP,
    INFO_STS NUMBER(1) NOT NULL,
	READ_STS NUMBER(1) DEFAULT(0) NOT NULL
);

Insert into FRONT_INFORM (INFO_NO,MEM_NO,RES_NO,INFO_CONT,INFO_DATE,INFO_STS,READ_STS) values ('FI0001','MEM0020',null,'您的餐點已完成，請至本餐廳取餐 (點選可查看訂單)',to_timestamp('25-SEP-19 04.52.53.307000000 PM','DD-MON-RR HH.MI.SSXFF AM'),0,1);
Insert into FRONT_INFORM (INFO_NO,MEM_NO,RES_NO,INFO_CONT,INFO_DATE,INFO_STS,READ_STS) values ('FI0002','MEM0032','RESO0001','訂位成功，點選查看訂位訂單',to_timestamp('12-OCT-19 01.53.42.220000000 PM','DD-MON-RR HH.MI.SSXFF AM'),0,1);
Insert into FRONT_INFORM (INFO_NO,MEM_NO,RES_NO,INFO_CONT,INFO_DATE,INFO_STS,READ_STS) values ('FI0003','MEM0010',null,'您的餐點已完成，請至本餐廳取餐 (點選可查看訂單)',to_timestamp('13-OCT-19 12.56.02.452000000 PM','DD-MON-RR HH.MI.SSXFF AM'),0,1);
Insert into FRONT_INFORM (INFO_NO,MEM_NO,RES_NO,INFO_CONT,INFO_DATE,INFO_STS,READ_STS) values ('FI0004','MEM0020',null,'您的餐點已完成，請至本餐廳取餐 (點選可查看訂單)',to_timestamp('15-OCT-19 04.56.02.452000000 PM','DD-MON-RR HH.MI.SSXFF AM'),0,1);
Insert into FRONT_INFORM (INFO_NO,MEM_NO,RES_NO,INFO_CONT,INFO_DATE,INFO_STS,READ_STS) values ('FI0005','MEM0032','RESO0001','您預約今日 03:00PM 用餐，是否確認今日用餐？',to_timestamp('16-OCT-19 09.00.00.000000000 AM','DD-MON-RR HH.MI.SSXFF AM'),3,1);
Insert into FRONT_INFORM (INFO_NO,MEM_NO,RES_NO,INFO_CONT,INFO_DATE,INFO_STS,READ_STS) values ('FI0006','MEM0032','RESO0001','您的訂位已取消',to_timestamp('16-OCT-19 02.00.00.000000000 PM','DD-MON-RR HH.MI.SSXFF AM'),0,1);
Insert into FRONT_INFORM (INFO_NO,MEM_NO,RES_NO,INFO_CONT,INFO_DATE,INFO_STS,READ_STS) values ('FI0007','MEM0008',null,'提醒您，您將於 1 分鐘後被停權',to_timestamp('18-NOV-19 12.51.24.094000000 PM','DD-MON-RR HH.MI.SSXFF AM'),0,1);
Insert into FRONT_INFORM (INFO_NO,MEM_NO,RES_NO,INFO_CONT,INFO_DATE,INFO_STS,READ_STS) values ('FI0008','MEM0032','RESO0002','訂位成功，點選查看訂位訂單',to_timestamp('21-NOV-19 07.01.13.779000000 PM','DD-MON-RR HH.MI.SSXFF AM'),0,1);
Insert into FRONT_INFORM (INFO_NO,MEM_NO,RES_NO,INFO_CONT,INFO_DATE,INFO_STS,READ_STS) values ('FI0009','MEM0020',null,'您的餐點已完成，請至本餐廳取餐',to_timestamp('22-NOV-19 08.01.54.599000000 PM','DD-MON-RR HH.MI.SSXFF AM'),0,1);
Insert into FRONT_INFORM (INFO_NO,MEM_NO,RES_NO,INFO_CONT,INFO_DATE,INFO_STS,READ_STS) values ('FI0010','MEM0032','RESO0002','您預約今日 07:00PM 用餐，是否確認今日用餐？',to_timestamp('25-NOV-19 01.00.00.000000000 PM','DD-MON-RR HH.MI.SSXFF AM'),1,1);
Insert into FRONT_INFORM (INFO_NO,MEM_NO,RES_NO,INFO_CONT,INFO_DATE,INFO_STS,READ_STS) values ('FI0011','MEM0020',null,'您的餐點已完成，請至本餐廳取餐 (點選可查看訂單)',to_timestamp('25-DEC-19 06.00.00.930000000 PM','DD-MON-RR HH.MI.SSXFF AM'),0,1);
Insert into FRONT_INFORM (INFO_NO,MEM_NO,RES_NO,INFO_CONT,INFO_DATE,INFO_STS,READ_STS) values ('FI0012','MEM0032','RESO0003','訂位成功，點選查看訂位明細',to_timestamp('28-DEC-19 08.06.13.944000000 PM','DD-MON-RR HH.MI.SSXFF AM'),0,1);
Insert into FRONT_INFORM (INFO_NO,MEM_NO,RES_NO,INFO_CONT,INFO_DATE,INFO_STS,READ_STS) values ('FI0013','MEM0020',null,'您的餐點已完成，請至本餐廳取餐 (點選可查看訂單)',to_timestamp('31-DEC-19 06.30.21.023000000 PM','DD-MON-RR HH.MI.SSXFF AM'),0,1);
Insert into FRONT_INFORM (INFO_NO,MEM_NO,RES_NO,INFO_CONT,INFO_DATE,INFO_STS,READ_STS) values ('FI0014','MEM0032','RESO0003','您預約今日 05:00PM 用餐，是否確認今日用餐？',to_timestamp('31-DEC-19 11.00.00.000000000 AM','DD-MON-RR HH.MI.SSXFF AM'),1,1);
Insert into FRONT_INFORM (INFO_NO,MEM_NO,RES_NO,INFO_CONT,INFO_DATE,INFO_STS,READ_STS) values ('FI0015','MEM0032','RESO0004','訂位成功，點選查看訂位明細',to_timestamp('20-JAN-20 01.20.46.548000000 PM','DD-MON-RR HH.MI.SSXFF AM'),0,1);
Insert into FRONT_INFORM (INFO_NO,MEM_NO,RES_NO,INFO_CONT,INFO_DATE,INFO_STS,READ_STS) values ('FI0016','MEM0020',null,'您的餐點已完成，請至本餐廳取餐 (點選可查看訂單)',to_timestamp('22-JAN-20 05.12.47.678000000 PM','DD-MON-RR HH.MI.SSXFF AM'),0,1);
Insert into FRONT_INFORM (INFO_NO,MEM_NO,RES_NO,INFO_CONT,INFO_DATE,INFO_STS,READ_STS) values ('FI0017','MEM0032','RESO0004','您預約今日 11:00AM 用餐，是否確認今日用餐？',to_timestamp('30-JAN-20 05.00.00.000000000 AM','DD-MON-RR HH.MI.SSXFF AM'),1,1);
Insert into FRONT_INFORM (INFO_NO,MEM_NO,RES_NO,INFO_CONT,INFO_DATE,INFO_STS,READ_STS) values ('FI0018','MEM0020',null,'您的餐點已完成，請至本餐廳取餐 (點選可查看訂單)',to_timestamp('25-FEB-20 07.15.46.615000000 PM','DD-MON-RR HH.MI.SSXFF AM'),0,1);
Insert into FRONT_INFORM (INFO_NO,MEM_NO,RES_NO,INFO_CONT,INFO_DATE,INFO_STS,READ_STS) values ('FI0019','MEM0032','RESO0005','訂位成功，點選查看訂位明細',to_timestamp('25-APR-20 11.25.48.025000000 PM','DD-MON-RR HH.MI.SSXFF AM'),0,1);
Insert into FRONT_INFORM (INFO_NO,MEM_NO,RES_NO,INFO_CONT,INFO_DATE,INFO_STS,READ_STS) values ('FI0020','MEM0032','RESO0006','訂位成功，點選查看訂位明細',to_timestamp('27-APR-20 08.25.48.025000000 AM','DD-MON-RR HH.MI.SSXFF AM'),0,1);
Insert into FRONT_INFORM (INFO_NO,MEM_NO,RES_NO,INFO_CONT,INFO_DATE,INFO_STS,READ_STS) values ('FI0021','MEM0020',null,'您的餐點已完成，請至本餐廳取餐 (點選可查看訂單)',to_timestamp('27-APR-20 11.25.48.025000000 AM','DD-MON-RR HH.MI.SSXFF AM'),0,1);
Insert into FRONT_INFORM (INFO_NO,MEM_NO,RES_NO,INFO_CONT,INFO_DATE,INFO_STS,READ_STS) values ('FI0022','MEM0032','RESO0005','您預約今日 01:00PM 用餐，是否確認今日用餐？',to_timestamp('29-APR-20 07.00.00.000000000 AM','DD-MON-RR HH.MI.SSXFF AM'),1,1);
Insert into FRONT_INFORM (INFO_NO,MEM_NO,RES_NO,INFO_CONT,INFO_DATE,INFO_STS,READ_STS) values ('FI0023','MEM0020',null,'您的餐點已完成，請至本餐廳取餐 (點選可查看訂單)',to_timestamp('03-MAY-20 05.22.11.112000000 PM','DD-MON-RR HH.MI.SSXFF AM'),0,1);
Insert into FRONT_INFORM (INFO_NO,MEM_NO,RES_NO,INFO_CONT,INFO_DATE,INFO_STS,READ_STS) values ('FI0024','MEM0032','RESO0006','您預約今日 01:00PM 用餐，是否確認今日用餐？',to_timestamp('05-MAY-20 07.00.00.000000000 AM','DD-MON-RR HH.MI.SSXFF AM'),1,1);
Insert into FRONT_INFORM (INFO_NO,MEM_NO,RES_NO,INFO_CONT,INFO_DATE,INFO_STS,READ_STS) values ('FI0025','MEM0032',null,'提醒您，因您多次訂位且多次點按確認當天用餐按鈕，但皆未至本餐廳用餐，您的訂位功能將於 3 天後恢復',to_timestamp('05-MAY-20 02.00.00.000000000 PM','DD-MON-RR HH.MI.SSXFF AM'),0,1);
Insert into FRONT_INFORM (INFO_NO,MEM_NO,RES_NO,INFO_CONT,INFO_DATE,INFO_STS,READ_STS) values ('FI0026','MEM0020',null,'您的餐點已完成，請至本餐廳取餐 (點選可查看訂單)',to_timestamp('06-MAY-20 11.00.00.000000000 AM','DD-MON-RR HH.MI.SSXFF AM'),0,1);
Insert into FRONT_INFORM (INFO_NO,MEM_NO,RES_NO,INFO_CONT,INFO_DATE,INFO_STS,READ_STS) values ('FI0027','MEM0010',null,'您的餐點已完成，請至本餐廳取餐 (點選可查看訂單)',to_timestamp('06-MAY-20 11.30.00.000000000 AM','DD-MON-RR HH.MI.SSXFF AM'),0,1);
Insert into FRONT_INFORM (INFO_NO,MEM_NO,RES_NO,INFO_CONT,INFO_DATE,INFO_STS,READ_STS) values ('FI0028','MEM0020',null,'提醒您，因您多次訂餐付款但皆未至本餐廳取餐，您的訂餐功能將於 3 天後恢復',to_timestamp('06-MAY-20 02.00.00.000000000 PM','DD-MON-RR HH.MI.SSXFF AM'),0,1);
Insert into FRONT_INFORM (INFO_NO,MEM_NO,RES_NO,INFO_CONT,INFO_DATE,INFO_STS,READ_STS) values ('FI0029','MEM0032',null,'您的餐點已完成，請至本餐廳取餐 (點選可查看訂單)',to_timestamp('07-MAY-20 05.27.23.352000000 PM','DD-MON-RR HH.MI.SSXFF AM'),0,1);
Insert into FRONT_INFORM (INFO_NO,MEM_NO,RES_NO,INFO_CONT,INFO_DATE,INFO_STS,READ_STS) values ('FI0030','MEM0014',null,'提醒您，因您有多則評價被檢舉成功，您的評價功能將於 14 天後恢復',to_timestamp('25-JUL-20 05.30.56.027000000 PM','DD-MON-RR HH.MI.SSXFF AM'),0,1);
Insert into FRONT_INFORM (INFO_NO,MEM_NO,RES_NO,INFO_CONT,INFO_DATE,INFO_STS,READ_STS) values ('FI0031','MEM0001',null,'八八節爸爸優選，肉片單點一盤特價 88 折，啤酒無限暢飲，辛勞的爸爸們！揪夥來吃胖吧！',to_timestamp('01-AUG-20 03.38.58.622000000 PM','DD-MON-RR HH.MI.SSXFF AM'),0,0);
Insert into FRONT_INFORM (INFO_NO,MEM_NO,RES_NO,INFO_CONT,INFO_DATE,INFO_STS,READ_STS) values ('FI0032','MEM0002',null,'八八節爸爸優選，肉片單點一盤特價 88 折，啤酒無限暢飲，辛勞的爸爸們！揪夥來吃胖吧！',to_timestamp('01-AUG-20 03.38.58.623000000 PM','DD-MON-RR HH.MI.SSXFF AM'),0,0);
Insert into FRONT_INFORM (INFO_NO,MEM_NO,RES_NO,INFO_CONT,INFO_DATE,INFO_STS,READ_STS) values ('FI0033','MEM0003',null,'八八節爸爸優選，肉片單點一盤特價 88 折，啤酒無限暢飲，辛勞的爸爸們！揪夥來吃胖吧！',to_timestamp('01-AUG-20 03.38.58.624000000 PM','DD-MON-RR HH.MI.SSXFF AM'),0,0);
Insert into FRONT_INFORM (INFO_NO,MEM_NO,RES_NO,INFO_CONT,INFO_DATE,INFO_STS,READ_STS) values ('FI0034','MEM0004',null,'八八節爸爸優選，肉片單點一盤特價 88 折，啤酒無限暢飲，辛勞的爸爸們！揪夥來吃胖吧！',to_timestamp('01-AUG-20 03.38.58.624000000 PM','DD-MON-RR HH.MI.SSXFF AM'),0,0);
Insert into FRONT_INFORM (INFO_NO,MEM_NO,RES_NO,INFO_CONT,INFO_DATE,INFO_STS,READ_STS) values ('FI0035','MEM0005',null,'八八節爸爸優選，肉片單點一盤特價 88 折，啤酒無限暢飲，辛勞的爸爸們！揪夥來吃胖吧！',to_timestamp('01-AUG-20 03.38.58.625000000 PM','DD-MON-RR HH.MI.SSXFF AM'),0,0);
Insert into FRONT_INFORM (INFO_NO,MEM_NO,RES_NO,INFO_CONT,INFO_DATE,INFO_STS,READ_STS) values ('FI0036','MEM0006',null,'八八節爸爸優選，肉片單點一盤特價 88 折，啤酒無限暢飲，辛勞的爸爸們！揪夥來吃胖吧！',to_timestamp('01-AUG-20 03.38.58.625000000 PM','DD-MON-RR HH.MI.SSXFF AM'),0,0);
Insert into FRONT_INFORM (INFO_NO,MEM_NO,RES_NO,INFO_CONT,INFO_DATE,INFO_STS,READ_STS) values ('FI0037','MEM0007',null,'八八節爸爸優選，肉片單點一盤特價 88 折，啤酒無限暢飲，辛勞的爸爸們！揪夥來吃胖吧！',to_timestamp('01-AUG-20 03.38.58.626000000 PM','DD-MON-RR HH.MI.SSXFF AM'),0,0);
Insert into FRONT_INFORM (INFO_NO,MEM_NO,RES_NO,INFO_CONT,INFO_DATE,INFO_STS,READ_STS) values ('FI0038','MEM0008',null,'八八節爸爸優選，肉片單點一盤特價 88 折，啤酒無限暢飲，辛勞的爸爸們！揪夥來吃胖吧！',to_timestamp('01-AUG-20 03.38.58.626000000 PM','DD-MON-RR HH.MI.SSXFF AM'),0,0);
Insert into FRONT_INFORM (INFO_NO,MEM_NO,RES_NO,INFO_CONT,INFO_DATE,INFO_STS,READ_STS) values ('FI0039','MEM0009',null,'八八節爸爸優選，肉片單點一盤特價 88 折，啤酒無限暢飲，辛勞的爸爸們！揪夥來吃胖吧！',to_timestamp('01-AUG-20 03.38.58.627000000 PM','DD-MON-RR HH.MI.SSXFF AM'),0,0);
Insert into FRONT_INFORM (INFO_NO,MEM_NO,RES_NO,INFO_CONT,INFO_DATE,INFO_STS,READ_STS) values ('FI0040','MEM0010',null,'八八節爸爸優選，肉片單點一盤特價 88 折，啤酒無限暢飲，辛勞的爸爸們！揪夥來吃胖吧！',to_timestamp('01-AUG-20 03.38.58.627000000 PM','DD-MON-RR HH.MI.SSXFF AM'),0,0);
Insert into FRONT_INFORM (INFO_NO,MEM_NO,RES_NO,INFO_CONT,INFO_DATE,INFO_STS,READ_STS) values ('FI0041','MEM0011',null,'八八節爸爸優選，肉片單點一盤特價 88 折，啤酒無限暢飲，辛勞的爸爸們！揪夥來吃胖吧！',to_timestamp('01-AUG-20 03.38.58.628000000 PM','DD-MON-RR HH.MI.SSXFF AM'),0,0);
Insert into FRONT_INFORM (INFO_NO,MEM_NO,RES_NO,INFO_CONT,INFO_DATE,INFO_STS,READ_STS) values ('FI0042','MEM0012',null,'八八節爸爸優選，肉片單點一盤特價 88 折，啤酒無限暢飲，辛勞的爸爸們！揪夥來吃胖吧！',to_timestamp('01-AUG-20 03.38.58.628000000 PM','DD-MON-RR HH.MI.SSXFF AM'),0,0);
Insert into FRONT_INFORM (INFO_NO,MEM_NO,RES_NO,INFO_CONT,INFO_DATE,INFO_STS,READ_STS) values ('FI0043','MEM0013',null,'八八節爸爸優選，肉片單點一盤特價 88 折，啤酒無限暢飲，辛勞的爸爸們！揪夥來吃胖吧！',to_timestamp('01-AUG-20 03.38.58.629000000 PM','DD-MON-RR HH.MI.SSXFF AM'),0,0);
Insert into FRONT_INFORM (INFO_NO,MEM_NO,RES_NO,INFO_CONT,INFO_DATE,INFO_STS,READ_STS) values ('FI0044','MEM0014',null,'八八節爸爸優選，肉片單點一盤特價 88 折，啤酒無限暢飲，辛勞的爸爸們！揪夥來吃胖吧！',to_timestamp('01-AUG-20 03.38.58.629000000 PM','DD-MON-RR HH.MI.SSXFF AM'),0,0);
Insert into FRONT_INFORM (INFO_NO,MEM_NO,RES_NO,INFO_CONT,INFO_DATE,INFO_STS,READ_STS) values ('FI0045','MEM0015',null,'八八節爸爸優選，肉片單點一盤特價 88 折，啤酒無限暢飲，辛勞的爸爸們！揪夥來吃胖吧！',to_timestamp('01-AUG-20 03.38.58.630000000 PM','DD-MON-RR HH.MI.SSXFF AM'),0,0);
Insert into FRONT_INFORM (INFO_NO,MEM_NO,RES_NO,INFO_CONT,INFO_DATE,INFO_STS,READ_STS) values ('FI0046','MEM0016',null,'八八節爸爸優選，肉片單點一盤特價 88 折，啤酒無限暢飲，辛勞的爸爸們！揪夥來吃胖吧！',to_timestamp('01-AUG-20 03.38.58.630000000 PM','DD-MON-RR HH.MI.SSXFF AM'),0,0);
Insert into FRONT_INFORM (INFO_NO,MEM_NO,RES_NO,INFO_CONT,INFO_DATE,INFO_STS,READ_STS) values ('FI0047','MEM0017',null,'八八節爸爸優選，肉片單點一盤特價 88 折，啤酒無限暢飲，辛勞的爸爸們！揪夥來吃胖吧！',to_timestamp('01-AUG-20 03.38.58.631000000 PM','DD-MON-RR HH.MI.SSXFF AM'),0,0);
Insert into FRONT_INFORM (INFO_NO,MEM_NO,RES_NO,INFO_CONT,INFO_DATE,INFO_STS,READ_STS) values ('FI0048','MEM0018',null,'八八節爸爸優選，肉片單點一盤特價 88 折，啤酒無限暢飲，辛勞的爸爸們！揪夥來吃胖吧！',to_timestamp('01-AUG-20 03.38.58.631000000 PM','DD-MON-RR HH.MI.SSXFF AM'),0,0);
Insert into FRONT_INFORM (INFO_NO,MEM_NO,RES_NO,INFO_CONT,INFO_DATE,INFO_STS,READ_STS) values ('FI0049','MEM0019',null,'八八節爸爸優選，肉片單點一盤特價 88 折，啤酒無限暢飲，辛勞的爸爸們！揪夥來吃胖吧！',to_timestamp('01-AUG-20 03.38.58.632000000 PM','DD-MON-RR HH.MI.SSXFF AM'),0,0);
Insert into FRONT_INFORM (INFO_NO,MEM_NO,RES_NO,INFO_CONT,INFO_DATE,INFO_STS,READ_STS) values ('FI0050','MEM0020',null,'八八節爸爸優選，肉片單點一盤特價 88 折，啤酒無限暢飲，辛勞的爸爸們！揪夥來吃胖吧！',to_timestamp('01-AUG-20 03.38.58.632000000 PM','DD-MON-RR HH.MI.SSXFF AM'),0,0);
Insert into FRONT_INFORM (INFO_NO,MEM_NO,RES_NO,INFO_CONT,INFO_DATE,INFO_STS,READ_STS) values ('FI0051','MEM0021',null,'八八節爸爸優選，肉片單點一盤特價 88 折，啤酒無限暢飲，辛勞的爸爸們！揪夥來吃胖吧！',to_timestamp('01-AUG-20 03.38.58.632000000 PM','DD-MON-RR HH.MI.SSXFF AM'),0,0);
Insert into FRONT_INFORM (INFO_NO,MEM_NO,RES_NO,INFO_CONT,INFO_DATE,INFO_STS,READ_STS) values ('FI0052','MEM0022',null,'八八節爸爸優選，肉片單點一盤特價 88 折，啤酒無限暢飲，辛勞的爸爸們！揪夥來吃胖吧！',to_timestamp('01-AUG-20 03.38.58.633000000 PM','DD-MON-RR HH.MI.SSXFF AM'),0,0);
Insert into FRONT_INFORM (INFO_NO,MEM_NO,RES_NO,INFO_CONT,INFO_DATE,INFO_STS,READ_STS) values ('FI0053','MEM0023',null,'八八節爸爸優選，肉片單點一盤特價 88 折，啤酒無限暢飲，辛勞的爸爸們！揪夥來吃胖吧！',to_timestamp('01-AUG-20 03.38.58.633000000 PM','DD-MON-RR HH.MI.SSXFF AM'),0,0);
Insert into FRONT_INFORM (INFO_NO,MEM_NO,RES_NO,INFO_CONT,INFO_DATE,INFO_STS,READ_STS) values ('FI0054','MEM0024',null,'八八節爸爸優選，肉片單點一盤特價 88 折，啤酒無限暢飲，辛勞的爸爸們！揪夥來吃胖吧！',to_timestamp('01-AUG-20 03.38.58.634000000 PM','DD-MON-RR HH.MI.SSXFF AM'),0,0);
Insert into FRONT_INFORM (INFO_NO,MEM_NO,RES_NO,INFO_CONT,INFO_DATE,INFO_STS,READ_STS) values ('FI0055','MEM0025',null,'八八節爸爸優選，肉片單點一盤特價 88 折，啤酒無限暢飲，辛勞的爸爸們！揪夥來吃胖吧！',to_timestamp('01-AUG-20 03.38.58.634000000 PM','DD-MON-RR HH.MI.SSXFF AM'),0,0);
Insert into FRONT_INFORM (INFO_NO,MEM_NO,RES_NO,INFO_CONT,INFO_DATE,INFO_STS,READ_STS) values ('FI0056','MEM0026',null,'八八節爸爸優選，肉片單點一盤特價 88 折，啤酒無限暢飲，辛勞的爸爸們！揪夥來吃胖吧！',to_timestamp('01-AUG-20 03.38.58.634000000 PM','DD-MON-RR HH.MI.SSXFF AM'),0,0);
Insert into FRONT_INFORM (INFO_NO,MEM_NO,RES_NO,INFO_CONT,INFO_DATE,INFO_STS,READ_STS) values ('FI0057','MEM0027',null,'八八節爸爸優選，肉片單點一盤特價 88 折，啤酒無限暢飲，辛勞的爸爸們！揪夥來吃胖吧！',to_timestamp('01-AUG-20 03.38.58.635000000 PM','DD-MON-RR HH.MI.SSXFF AM'),0,0);
Insert into FRONT_INFORM (INFO_NO,MEM_NO,RES_NO,INFO_CONT,INFO_DATE,INFO_STS,READ_STS) values ('FI0058','MEM0028',null,'八八節爸爸優選，肉片單點一盤特價 88 折，啤酒無限暢飲，辛勞的爸爸們！揪夥來吃胖吧！',to_timestamp('01-AUG-20 03.38.58.635000000 PM','DD-MON-RR HH.MI.SSXFF AM'),0,0);
Insert into FRONT_INFORM (INFO_NO,MEM_NO,RES_NO,INFO_CONT,INFO_DATE,INFO_STS,READ_STS) values ('FI0059','MEM0029',null,'八八節爸爸優選，肉片單點一盤特價 88 折，啤酒無限暢飲，辛勞的爸爸們！揪夥來吃胖吧！',to_timestamp('01-AUG-20 03.38.58.636000000 PM','DD-MON-RR HH.MI.SSXFF AM'),0,0);
Insert into FRONT_INFORM (INFO_NO,MEM_NO,RES_NO,INFO_CONT,INFO_DATE,INFO_STS,READ_STS) values ('FI0060','MEM0030',null,'八八節爸爸優選，肉片單點一盤特價 88 折，啤酒無限暢飲，辛勞的爸爸們！揪夥來吃胖吧！',to_timestamp('01-AUG-20 03.38.58.636000000 PM','DD-MON-RR HH.MI.SSXFF AM'),0,0);
Insert into FRONT_INFORM (INFO_NO,MEM_NO,RES_NO,INFO_CONT,INFO_DATE,INFO_STS,READ_STS) values ('FI0061','MEM0031',null,'八八節爸爸優選，肉片單點一盤特價 88 折，啤酒無限暢飲，辛勞的爸爸們！揪夥來吃胖吧！',to_timestamp('01-AUG-20 03.38.58.637000000 PM','DD-MON-RR HH.MI.SSXFF AM'),0,0);
Insert into FRONT_INFORM (INFO_NO,MEM_NO,RES_NO,INFO_CONT,INFO_DATE,INFO_STS,READ_STS) values ('FI0062','MEM0032',null,'八八節爸爸優選，肉片單點一盤特價 88 折，啤酒無限暢飲，辛勞的爸爸們！揪夥來吃胖吧！',to_timestamp('01-AUG-20 03.38.58.637000000 PM','DD-MON-RR HH.MI.SSXFF AM'),0,0);
Insert into FRONT_INFORM (INFO_NO,MEM_NO,RES_NO,INFO_CONT,INFO_DATE,INFO_STS,READ_STS) values ('FI0063','MEM0033',null,'八八節爸爸優選，肉片單點一盤特價 88 折，啤酒無限暢飲，辛勞的爸爸們！揪夥來吃胖吧！',to_timestamp('01-AUG-20 03.38.58.638000000 PM','DD-MON-RR HH.MI.SSXFF AM'),0,0);
Insert into FRONT_INFORM (INFO_NO,MEM_NO,RES_NO,INFO_CONT,INFO_DATE,INFO_STS,READ_STS) values ('FI0064','MEM0034',null,'八八節爸爸優選，肉片單點一盤特價 88 折，啤酒無限暢飲，辛勞的爸爸們！揪夥來吃胖吧！',to_timestamp('01-AUG-20 03.38.58.638000000 PM','DD-MON-RR HH.MI.SSXFF AM'),0,0);
Insert into FRONT_INFORM (INFO_NO,MEM_NO,RES_NO,INFO_CONT,INFO_DATE,INFO_STS,READ_STS) values ('FI0065','MEM0035',null,'八八節爸爸優選，肉片單點一盤特價 88 折，啤酒無限暢飲，辛勞的爸爸們！揪夥來吃胖吧！',to_timestamp('01-AUG-20 03.38.58.638000000 PM','DD-MON-RR HH.MI.SSXFF AM'),0,0);
Insert into FRONT_INFORM (INFO_NO,MEM_NO,RES_NO,INFO_CONT,INFO_DATE,INFO_STS,READ_STS) values ('FI0066','MEM0036',null,'八八節爸爸優選，肉片單點一盤特價 88 折，啤酒無限暢飲，辛勞的爸爸們！揪夥來吃胖吧！',to_timestamp('01-AUG-20 03.38.58.639000000 PM','DD-MON-RR HH.MI.SSXFF AM'),0,0);
Insert into FRONT_INFORM (INFO_NO,MEM_NO,RES_NO,INFO_CONT,INFO_DATE,INFO_STS,READ_STS) values ('FI0067','MEM0037',null,'八八節爸爸優選，肉片單點一盤特價 88 折，啤酒無限暢飲，辛勞的爸爸們！揪夥來吃胖吧！',to_timestamp('01-AUG-20 03.38.58.639000000 PM','DD-MON-RR HH.MI.SSXFF AM'),0,0);
Insert into FRONT_INFORM (INFO_NO,MEM_NO,RES_NO,INFO_CONT,INFO_DATE,INFO_STS,READ_STS) values ('FI0068','MEM0038',null,'八八節爸爸優選，肉片單點一盤特價 88 折，啤酒無限暢飲，辛勞的爸爸們！揪夥來吃胖吧！',to_timestamp('01-AUG-20 03.38.58.640000000 PM','DD-MON-RR HH.MI.SSXFF AM'),0,0);
Insert into FRONT_INFORM (INFO_NO,MEM_NO,RES_NO,INFO_CONT,INFO_DATE,INFO_STS,READ_STS) values ('FI0069','MEM0039',null,'八八節爸爸優選，肉片單點一盤特價 88 折，啤酒無限暢飲，辛勞的爸爸們！揪夥來吃胖吧！',to_timestamp('01-AUG-20 03.38.58.640000000 PM','DD-MON-RR HH.MI.SSXFF AM'),0,0);
Insert into FRONT_INFORM (INFO_NO,MEM_NO,RES_NO,INFO_CONT,INFO_DATE,INFO_STS,READ_STS) values ('FI0070','MEM0040',null,'八八節爸爸優選，肉片單點一盤特價 88 折，啤酒無限暢飲，辛勞的爸爸們！揪夥來吃胖吧！',to_timestamp('01-AUG-20 03.38.58.641000000 PM','DD-MON-RR HH.MI.SSXFF AM'),0,0);
Insert into FRONT_INFORM (INFO_NO,MEM_NO,RES_NO,INFO_CONT,INFO_DATE,INFO_STS,READ_STS) values ('FI0071','MEM0041',null,'八八節爸爸優選，肉片單點一盤特價 88 折，啤酒無限暢飲，辛勞的爸爸們！揪夥來吃胖吧！',to_timestamp('01-AUG-20 03.38.58.641000000 PM','DD-MON-RR HH.MI.SSXFF AM'),0,0);
Insert into FRONT_INFORM (INFO_NO,MEM_NO,RES_NO,INFO_CONT,INFO_DATE,INFO_STS,READ_STS) values ('FI0072','MEM0042',null,'八八節爸爸優選，肉片單點一盤特價 88 折，啤酒無限暢飲，辛勞的爸爸們！揪夥來吃胖吧！',to_timestamp('01-AUG-20 03.38.58.641000000 PM','DD-MON-RR HH.MI.SSXFF AM'),0,0);
Insert into FRONT_INFORM (INFO_NO,MEM_NO,RES_NO,INFO_CONT,INFO_DATE,INFO_STS,READ_STS) values ('FI0073','MEM0043',null,'八八節爸爸優選，肉片單點一盤特價 88 折，啤酒無限暢飲，辛勞的爸爸們！揪夥來吃胖吧！',to_timestamp('01-AUG-20 03.38.58.642000000 PM','DD-MON-RR HH.MI.SSXFF AM'),0,0);
Insert into FRONT_INFORM (INFO_NO,MEM_NO,RES_NO,INFO_CONT,INFO_DATE,INFO_STS,READ_STS) values ('FI0074','MEM0044',null,'八八節爸爸優選，肉片單點一盤特價 88 折，啤酒無限暢飲，辛勞的爸爸們！揪夥來吃胖吧！',to_timestamp('01-AUG-20 03.38.58.643000000 PM','DD-MON-RR HH.MI.SSXFF AM'),0,0);
Insert into FRONT_INFORM (INFO_NO,MEM_NO,RES_NO,INFO_CONT,INFO_DATE,INFO_STS,READ_STS) values ('FI0075','MEM0045',null,'八八節爸爸優選，肉片單點一盤特價 88 折，啤酒無限暢飲，辛勞的爸爸們！揪夥來吃胖吧！',to_timestamp('01-AUG-20 03.38.58.643000000 PM','DD-MON-RR HH.MI.SSXFF AM'),0,0);
Insert into FRONT_INFORM (INFO_NO,MEM_NO,RES_NO,INFO_CONT,INFO_DATE,INFO_STS,READ_STS) values ('FI0076','MEM0046',null,'八八節爸爸優選，肉片單點一盤特價 88 折，啤酒無限暢飲，辛勞的爸爸們！揪夥來吃胖吧！',to_timestamp('01-AUG-20 03.38.58.643000000 PM','DD-MON-RR HH.MI.SSXFF AM'),0,0);
Insert into FRONT_INFORM (INFO_NO,MEM_NO,RES_NO,INFO_CONT,INFO_DATE,INFO_STS,READ_STS) values ('FI0077','MEM0047',null,'八八節爸爸優選，肉片單點一盤特價 88 折，啤酒無限暢飲，辛勞的爸爸們！揪夥來吃胖吧！',to_timestamp('01-AUG-20 03.38.58.644000000 PM','DD-MON-RR HH.MI.SSXFF AM'),0,0);
Insert into FRONT_INFORM (INFO_NO,MEM_NO,RES_NO,INFO_CONT,INFO_DATE,INFO_STS,READ_STS) values ('FI0078','MEM0048',null,'八八節爸爸優選，肉片單點一盤特價 88 折，啤酒無限暢飲，辛勞的爸爸們！揪夥來吃胖吧！',to_timestamp('01-AUG-20 03.38.58.644000000 PM','DD-MON-RR HH.MI.SSXFF AM'),0,0);
Insert into FRONT_INFORM (INFO_NO,MEM_NO,RES_NO,INFO_CONT,INFO_DATE,INFO_STS,READ_STS) values ('FI0079','MEM0049',null,'八八節爸爸優選，肉片單點一盤特價 88 折，啤酒無限暢飲，辛勞的爸爸們！揪夥來吃胖吧！',to_timestamp('01-AUG-20 03.38.58.645000000 PM','DD-MON-RR HH.MI.SSXFF AM'),0,0);
Insert into FRONT_INFORM (INFO_NO,MEM_NO,RES_NO,INFO_CONT,INFO_DATE,INFO_STS,READ_STS) values ('FI0080','MEM0050',null,'八八節爸爸優選，肉片單點一盤特價 88 折，啤酒無限暢飲，辛勞的爸爸們！揪夥來吃胖吧！',to_timestamp('01-AUG-20 03.38.58.645000000 PM','DD-MON-RR HH.MI.SSXFF AM'),0,0);
Insert into FRONT_INFORM (INFO_NO,MEM_NO,RES_NO,INFO_CONT,INFO_DATE,INFO_STS,READ_STS) values ('FI0081','MEM0013',null,'提醒您，因您檢舉多則評價，但評價內容多數未達不當言論之標準，您的檢舉功能將於 7 天後恢復',to_timestamp('13-AUG-20 01.30.58.033000000 PM','DD-MON-RR HH.MI.SSXFF AM'),0,1);
Insert into FRONT_INFORM (INFO_NO,MEM_NO,RES_NO,INFO_CONT,INFO_DATE,INFO_STS,READ_STS) values ('FI0082','MEM0022','RESO0007','訂位成功，點選查看訂位訂單',to_timestamp('12-SEP-20 05.30.59.417000000 PM','DD-MON-RR HH.MI.SSXFF AM'),0,1);
Insert into FRONT_INFORM (INFO_NO,MEM_NO,RES_NO,INFO_CONT,INFO_DATE,INFO_STS,READ_STS) values ('FI0083','MEM0020','RESO0008','訂位成功，點選查看訂位訂單',to_timestamp('14-SEP-20 08.30.59.417000000 AM','DD-MON-RR HH.MI.SSXFF AM'),0,0);
Insert into FRONT_INFORM (INFO_NO,MEM_NO,RES_NO,INFO_CONT,INFO_DATE,INFO_STS,READ_STS) values ('FI0084','MEM0022','RESO0007','您預約今日 11:00AM 用餐，是否確認今日用餐？',to_timestamp('22-SEP-20 05.00.00.000000000 AM','DD-MON-RR HH.MI.SSXFF AM'),1,1);
Insert into FRONT_INFORM (INFO_NO,MEM_NO,RES_NO,INFO_CONT,INFO_DATE,INFO_STS,READ_STS) values ('FI0085','MEM0020','RESO0008','您預約今日 09:00PM 用餐，是否確認今日用餐？',to_timestamp('25-SEP-20 03.00.00.000000000 PM','DD-MON-RR HH.MI.SSXFF AM'),3,0);
Insert into FRONT_INFORM (INFO_NO,MEM_NO,RES_NO,INFO_CONT,INFO_DATE,INFO_STS,READ_STS) values ('FI0086','MEM0020','RESO0008','您的訂位已取消',to_timestamp('25-SEP-20 08.00.00.000000000 PM','DD-MON-RR HH.MI.SSXFF AM'),0,0);
Insert into FRONT_INFORM (INFO_NO,MEM_NO,RES_NO,INFO_CONT,INFO_DATE,INFO_STS,READ_STS) values ('FI0087','MEM0001',null,'中秋節還在吃烤肉？那你就落伍了！大家都響應環保開始吃火鍋了！來店打卡送肉片一盤，三種選擇一次滿足喔！',to_timestamp('28-SEP-20 03.40.02.812000000 PM','DD-MON-RR HH.MI.SSXFF AM'),0,0);
Insert into FRONT_INFORM (INFO_NO,MEM_NO,RES_NO,INFO_CONT,INFO_DATE,INFO_STS,READ_STS) values ('FI0088','MEM0002',null,'中秋節還在吃烤肉？那你就落伍了！大家都響應環保開始吃火鍋了！來店打卡送肉片一盤，三種選擇一次滿足喔！',to_timestamp('28-SEP-20 03.40.02.813000000 PM','DD-MON-RR HH.MI.SSXFF AM'),0,0);
Insert into FRONT_INFORM (INFO_NO,MEM_NO,RES_NO,INFO_CONT,INFO_DATE,INFO_STS,READ_STS) values ('FI0089','MEM0003',null,'中秋節還在吃烤肉？那你就落伍了！大家都響應環保開始吃火鍋了！來店打卡送肉片一盤，三種選擇一次滿足喔！',to_timestamp('28-SEP-20 03.40.02.814000000 PM','DD-MON-RR HH.MI.SSXFF AM'),0,0);
Insert into FRONT_INFORM (INFO_NO,MEM_NO,RES_NO,INFO_CONT,INFO_DATE,INFO_STS,READ_STS) values ('FI0090','MEM0004',null,'中秋節還在吃烤肉？那你就落伍了！大家都響應環保開始吃火鍋了！來店打卡送肉片一盤，三種選擇一次滿足喔！',to_timestamp('28-SEP-20 03.40.02.815000000 PM','DD-MON-RR HH.MI.SSXFF AM'),0,0);
Insert into FRONT_INFORM (INFO_NO,MEM_NO,RES_NO,INFO_CONT,INFO_DATE,INFO_STS,READ_STS) values ('FI0091','MEM0005',null,'中秋節還在吃烤肉？那你就落伍了！大家都響應環保開始吃火鍋了！來店打卡送肉片一盤，三種選擇一次滿足喔！',to_timestamp('28-SEP-20 03.40.02.815000000 PM','DD-MON-RR HH.MI.SSXFF AM'),0,0);
Insert into FRONT_INFORM (INFO_NO,MEM_NO,RES_NO,INFO_CONT,INFO_DATE,INFO_STS,READ_STS) values ('FI0092','MEM0006',null,'中秋節還在吃烤肉？那你就落伍了！大家都響應環保開始吃火鍋了！來店打卡送肉片一盤，三種選擇一次滿足喔！',to_timestamp('28-SEP-20 03.40.02.816000000 PM','DD-MON-RR HH.MI.SSXFF AM'),0,0);
Insert into FRONT_INFORM (INFO_NO,MEM_NO,RES_NO,INFO_CONT,INFO_DATE,INFO_STS,READ_STS) values ('FI0093','MEM0007',null,'中秋節還在吃烤肉？那你就落伍了！大家都響應環保開始吃火鍋了！來店打卡送肉片一盤，三種選擇一次滿足喔！',to_timestamp('28-SEP-20 03.40.02.817000000 PM','DD-MON-RR HH.MI.SSXFF AM'),0,0);
Insert into FRONT_INFORM (INFO_NO,MEM_NO,RES_NO,INFO_CONT,INFO_DATE,INFO_STS,READ_STS) values ('FI0094','MEM0008',null,'中秋節還在吃烤肉？那你就落伍了！大家都響應環保開始吃火鍋了！來店打卡送肉片一盤，三種選擇一次滿足喔！',to_timestamp('28-SEP-20 03.40.02.817000000 PM','DD-MON-RR HH.MI.SSXFF AM'),0,0);
Insert into FRONT_INFORM (INFO_NO,MEM_NO,RES_NO,INFO_CONT,INFO_DATE,INFO_STS,READ_STS) values ('FI0095','MEM0009',null,'中秋節還在吃烤肉？那你就落伍了！大家都響應環保開始吃火鍋了！來店打卡送肉片一盤，三種選擇一次滿足喔！',to_timestamp('28-SEP-20 03.40.02.818000000 PM','DD-MON-RR HH.MI.SSXFF AM'),0,0);
Insert into FRONT_INFORM (INFO_NO,MEM_NO,RES_NO,INFO_CONT,INFO_DATE,INFO_STS,READ_STS) values ('FI0096','MEM0010',null,'中秋節還在吃烤肉？那你就落伍了！大家都響應環保開始吃火鍋了！來店打卡送肉片一盤，三種選擇一次滿足喔！',to_timestamp('28-SEP-20 03.40.02.819000000 PM','DD-MON-RR HH.MI.SSXFF AM'),0,0);
Insert into FRONT_INFORM (INFO_NO,MEM_NO,RES_NO,INFO_CONT,INFO_DATE,INFO_STS,READ_STS) values ('FI0097','MEM0011',null,'中秋節還在吃烤肉？那你就落伍了！大家都響應環保開始吃火鍋了！來店打卡送肉片一盤，三種選擇一次滿足喔！',to_timestamp('28-SEP-20 03.40.02.819000000 PM','DD-MON-RR HH.MI.SSXFF AM'),0,0);
Insert into FRONT_INFORM (INFO_NO,MEM_NO,RES_NO,INFO_CONT,INFO_DATE,INFO_STS,READ_STS) values ('FI0098','MEM0012',null,'中秋節還在吃烤肉？那你就落伍了！大家都響應環保開始吃火鍋了！來店打卡送肉片一盤，三種選擇一次滿足喔！',to_timestamp('28-SEP-20 03.40.02.820000000 PM','DD-MON-RR HH.MI.SSXFF AM'),0,0);
Insert into FRONT_INFORM (INFO_NO,MEM_NO,RES_NO,INFO_CONT,INFO_DATE,INFO_STS,READ_STS) values ('FI0099','MEM0013',null,'中秋節還在吃烤肉？那你就落伍了！大家都響應環保開始吃火鍋了！來店打卡送肉片一盤，三種選擇一次滿足喔！',to_timestamp('28-SEP-20 03.40.02.821000000 PM','DD-MON-RR HH.MI.SSXFF AM'),0,0);
Insert into FRONT_INFORM (INFO_NO,MEM_NO,RES_NO,INFO_CONT,INFO_DATE,INFO_STS,READ_STS) values ('FI0100','MEM0014',null,'中秋節還在吃烤肉？那你就落伍了！大家都響應環保開始吃火鍋了！來店打卡送肉片一盤，三種選擇一次滿足喔！',to_timestamp('28-SEP-20 03.40.02.822000000 PM','DD-MON-RR HH.MI.SSXFF AM'),0,0);
Insert into FRONT_INFORM (INFO_NO,MEM_NO,RES_NO,INFO_CONT,INFO_DATE,INFO_STS,READ_STS) values ('FI0101','MEM0015',null,'中秋節還在吃烤肉？那你就落伍了！大家都響應環保開始吃火鍋了！來店打卡送肉片一盤，三種選擇一次滿足喔！',to_timestamp('28-SEP-20 03.40.02.822000000 PM','DD-MON-RR HH.MI.SSXFF AM'),0,0);
Insert into FRONT_INFORM (INFO_NO,MEM_NO,RES_NO,INFO_CONT,INFO_DATE,INFO_STS,READ_STS) values ('FI0102','MEM0016',null,'中秋節還在吃烤肉？那你就落伍了！大家都響應環保開始吃火鍋了！來店打卡送肉片一盤，三種選擇一次滿足喔！',to_timestamp('28-SEP-20 03.40.02.823000000 PM','DD-MON-RR HH.MI.SSXFF AM'),0,0);
Insert into FRONT_INFORM (INFO_NO,MEM_NO,RES_NO,INFO_CONT,INFO_DATE,INFO_STS,READ_STS) values ('FI0103','MEM0017',null,'中秋節還在吃烤肉？那你就落伍了！大家都響應環保開始吃火鍋了！來店打卡送肉片一盤，三種選擇一次滿足喔！',to_timestamp('28-SEP-20 03.40.02.824000000 PM','DD-MON-RR HH.MI.SSXFF AM'),0,0);
Insert into FRONT_INFORM (INFO_NO,MEM_NO,RES_NO,INFO_CONT,INFO_DATE,INFO_STS,READ_STS) values ('FI0104','MEM0018',null,'中秋節還在吃烤肉？那你就落伍了！大家都響應環保開始吃火鍋了！來店打卡送肉片一盤，三種選擇一次滿足喔！',to_timestamp('28-SEP-20 03.40.02.825000000 PM','DD-MON-RR HH.MI.SSXFF AM'),0,0);
Insert into FRONT_INFORM (INFO_NO,MEM_NO,RES_NO,INFO_CONT,INFO_DATE,INFO_STS,READ_STS) values ('FI0105','MEM0019',null,'中秋節還在吃烤肉？那你就落伍了！大家都響應環保開始吃火鍋了！來店打卡送肉片一盤，三種選擇一次滿足喔！',to_timestamp('28-SEP-20 03.40.02.827000000 PM','DD-MON-RR HH.MI.SSXFF AM'),0,0);
Insert into FRONT_INFORM (INFO_NO,MEM_NO,RES_NO,INFO_CONT,INFO_DATE,INFO_STS,READ_STS) values ('FI0106','MEM0020',null,'中秋節還在吃烤肉？那你就落伍了！大家都響應環保開始吃火鍋了！來店打卡送肉片一盤，三種選擇一次滿足喔！',to_timestamp('28-SEP-20 03.40.02.828000000 PM','DD-MON-RR HH.MI.SSXFF AM'),0,0);
Insert into FRONT_INFORM (INFO_NO,MEM_NO,RES_NO,INFO_CONT,INFO_DATE,INFO_STS,READ_STS) values ('FI0107','MEM0021',null,'中秋節還在吃烤肉？那你就落伍了！大家都響應環保開始吃火鍋了！來店打卡送肉片一盤，三種選擇一次滿足喔！',to_timestamp('28-SEP-20 03.40.02.829000000 PM','DD-MON-RR HH.MI.SSXFF AM'),0,0);
Insert into FRONT_INFORM (INFO_NO,MEM_NO,RES_NO,INFO_CONT,INFO_DATE,INFO_STS,READ_STS) values ('FI0108','MEM0022',null,'中秋節還在吃烤肉？那你就落伍了！大家都響應環保開始吃火鍋了！來店打卡送肉片一盤，三種選擇一次滿足喔！',to_timestamp('28-SEP-20 03.40.02.830000000 PM','DD-MON-RR HH.MI.SSXFF AM'),0,0);
Insert into FRONT_INFORM (INFO_NO,MEM_NO,RES_NO,INFO_CONT,INFO_DATE,INFO_STS,READ_STS) values ('FI0109','MEM0023',null,'中秋節還在吃烤肉？那你就落伍了！大家都響應環保開始吃火鍋了！來店打卡送肉片一盤，三種選擇一次滿足喔！',to_timestamp('28-SEP-20 03.40.02.830000000 PM','DD-MON-RR HH.MI.SSXFF AM'),0,0);
Insert into FRONT_INFORM (INFO_NO,MEM_NO,RES_NO,INFO_CONT,INFO_DATE,INFO_STS,READ_STS) values ('FI0110','MEM0024',null,'中秋節還在吃烤肉？那你就落伍了！大家都響應環保開始吃火鍋了！來店打卡送肉片一盤，三種選擇一次滿足喔！',to_timestamp('28-SEP-20 03.40.02.831000000 PM','DD-MON-RR HH.MI.SSXFF AM'),0,0);
Insert into FRONT_INFORM (INFO_NO,MEM_NO,RES_NO,INFO_CONT,INFO_DATE,INFO_STS,READ_STS) values ('FI0111','MEM0025',null,'中秋節還在吃烤肉？那你就落伍了！大家都響應環保開始吃火鍋了！來店打卡送肉片一盤，三種選擇一次滿足喔！',to_timestamp('28-SEP-20 03.40.02.832000000 PM','DD-MON-RR HH.MI.SSXFF AM'),0,0);
Insert into FRONT_INFORM (INFO_NO,MEM_NO,RES_NO,INFO_CONT,INFO_DATE,INFO_STS,READ_STS) values ('FI0112','MEM0026',null,'中秋節還在吃烤肉？那你就落伍了！大家都響應環保開始吃火鍋了！來店打卡送肉片一盤，三種選擇一次滿足喔！',to_timestamp('28-SEP-20 03.40.02.832000000 PM','DD-MON-RR HH.MI.SSXFF AM'),0,0);
Insert into FRONT_INFORM (INFO_NO,MEM_NO,RES_NO,INFO_CONT,INFO_DATE,INFO_STS,READ_STS) values ('FI0113','MEM0027',null,'中秋節還在吃烤肉？那你就落伍了！大家都響應環保開始吃火鍋了！來店打卡送肉片一盤，三種選擇一次滿足喔！',to_timestamp('28-SEP-20 03.40.02.833000000 PM','DD-MON-RR HH.MI.SSXFF AM'),0,0);
Insert into FRONT_INFORM (INFO_NO,MEM_NO,RES_NO,INFO_CONT,INFO_DATE,INFO_STS,READ_STS) values ('FI0114','MEM0028',null,'中秋節還在吃烤肉？那你就落伍了！大家都響應環保開始吃火鍋了！來店打卡送肉片一盤，三種選擇一次滿足喔！',to_timestamp('28-SEP-20 03.40.02.834000000 PM','DD-MON-RR HH.MI.SSXFF AM'),0,0);
Insert into FRONT_INFORM (INFO_NO,MEM_NO,RES_NO,INFO_CONT,INFO_DATE,INFO_STS,READ_STS) values ('FI0115','MEM0029',null,'中秋節還在吃烤肉？那你就落伍了！大家都響應環保開始吃火鍋了！來店打卡送肉片一盤，三種選擇一次滿足喔！',to_timestamp('28-SEP-20 03.40.02.834000000 PM','DD-MON-RR HH.MI.SSXFF AM'),0,0);
Insert into FRONT_INFORM (INFO_NO,MEM_NO,RES_NO,INFO_CONT,INFO_DATE,INFO_STS,READ_STS) values ('FI0116','MEM0030',null,'中秋節還在吃烤肉？那你就落伍了！大家都響應環保開始吃火鍋了！來店打卡送肉片一盤，三種選擇一次滿足喔！',to_timestamp('28-SEP-20 03.40.02.835000000 PM','DD-MON-RR HH.MI.SSXFF AM'),0,0);
Insert into FRONT_INFORM (INFO_NO,MEM_NO,RES_NO,INFO_CONT,INFO_DATE,INFO_STS,READ_STS) values ('FI0117','MEM0031',null,'中秋節還在吃烤肉？那你就落伍了！大家都響應環保開始吃火鍋了！來店打卡送肉片一盤，三種選擇一次滿足喔！',to_timestamp('28-SEP-20 03.40.02.836000000 PM','DD-MON-RR HH.MI.SSXFF AM'),0,0);
Insert into FRONT_INFORM (INFO_NO,MEM_NO,RES_NO,INFO_CONT,INFO_DATE,INFO_STS,READ_STS) values ('FI0118','MEM0032',null,'中秋節還在吃烤肉？那你就落伍了！大家都響應環保開始吃火鍋了！來店打卡送肉片一盤，三種選擇一次滿足喔！',to_timestamp('28-SEP-20 03.40.02.836000000 PM','DD-MON-RR HH.MI.SSXFF AM'),0,0);
Insert into FRONT_INFORM (INFO_NO,MEM_NO,RES_NO,INFO_CONT,INFO_DATE,INFO_STS,READ_STS) values ('FI0119','MEM0033',null,'中秋節還在吃烤肉？那你就落伍了！大家都響應環保開始吃火鍋了！來店打卡送肉片一盤，三種選擇一次滿足喔！',to_timestamp('28-SEP-20 03.40.02.837000000 PM','DD-MON-RR HH.MI.SSXFF AM'),0,0);
Insert into FRONT_INFORM (INFO_NO,MEM_NO,RES_NO,INFO_CONT,INFO_DATE,INFO_STS,READ_STS) values ('FI0120','MEM0034',null,'中秋節還在吃烤肉？那你就落伍了！大家都響應環保開始吃火鍋了！來店打卡送肉片一盤，三種選擇一次滿足喔！',to_timestamp('28-SEP-20 03.40.02.838000000 PM','DD-MON-RR HH.MI.SSXFF AM'),0,0);
Insert into FRONT_INFORM (INFO_NO,MEM_NO,RES_NO,INFO_CONT,INFO_DATE,INFO_STS,READ_STS) values ('FI0121','MEM0035',null,'中秋節還在吃烤肉？那你就落伍了！大家都響應環保開始吃火鍋了！來店打卡送肉片一盤，三種選擇一次滿足喔！',to_timestamp('28-SEP-20 03.40.02.838000000 PM','DD-MON-RR HH.MI.SSXFF AM'),0,0);
Insert into FRONT_INFORM (INFO_NO,MEM_NO,RES_NO,INFO_CONT,INFO_DATE,INFO_STS,READ_STS) values ('FI0122','MEM0036',null,'中秋節還在吃烤肉？那你就落伍了！大家都響應環保開始吃火鍋了！來店打卡送肉片一盤，三種選擇一次滿足喔！',to_timestamp('28-SEP-20 03.40.02.839000000 PM','DD-MON-RR HH.MI.SSXFF AM'),0,0);
Insert into FRONT_INFORM (INFO_NO,MEM_NO,RES_NO,INFO_CONT,INFO_DATE,INFO_STS,READ_STS) values ('FI0123','MEM0037',null,'中秋節還在吃烤肉？那你就落伍了！大家都響應環保開始吃火鍋了！來店打卡送肉片一盤，三種選擇一次滿足喔！',to_timestamp('28-SEP-20 03.40.02.840000000 PM','DD-MON-RR HH.MI.SSXFF AM'),0,0);
Insert into FRONT_INFORM (INFO_NO,MEM_NO,RES_NO,INFO_CONT,INFO_DATE,INFO_STS,READ_STS) values ('FI0124','MEM0038',null,'中秋節還在吃烤肉？那你就落伍了！大家都響應環保開始吃火鍋了！來店打卡送肉片一盤，三種選擇一次滿足喔！',to_timestamp('28-SEP-20 03.40.02.840000000 PM','DD-MON-RR HH.MI.SSXFF AM'),0,0);
Insert into FRONT_INFORM (INFO_NO,MEM_NO,RES_NO,INFO_CONT,INFO_DATE,INFO_STS,READ_STS) values ('FI0125','MEM0039',null,'中秋節還在吃烤肉？那你就落伍了！大家都響應環保開始吃火鍋了！來店打卡送肉片一盤，三種選擇一次滿足喔！',to_timestamp('28-SEP-20 03.40.02.841000000 PM','DD-MON-RR HH.MI.SSXFF AM'),0,0);
Insert into FRONT_INFORM (INFO_NO,MEM_NO,RES_NO,INFO_CONT,INFO_DATE,INFO_STS,READ_STS) values ('FI0126','MEM0040',null,'中秋節還在吃烤肉？那你就落伍了！大家都響應環保開始吃火鍋了！來店打卡送肉片一盤，三種選擇一次滿足喔！',to_timestamp('28-SEP-20 03.40.02.843000000 PM','DD-MON-RR HH.MI.SSXFF AM'),0,0);
Insert into FRONT_INFORM (INFO_NO,MEM_NO,RES_NO,INFO_CONT,INFO_DATE,INFO_STS,READ_STS) values ('FI0127','MEM0041',null,'中秋節還在吃烤肉？那你就落伍了！大家都響應環保開始吃火鍋了！來店打卡送肉片一盤，三種選擇一次滿足喔！',to_timestamp('28-SEP-20 03.40.02.843000000 PM','DD-MON-RR HH.MI.SSXFF AM'),0,0);
Insert into FRONT_INFORM (INFO_NO,MEM_NO,RES_NO,INFO_CONT,INFO_DATE,INFO_STS,READ_STS) values ('FI0128','MEM0042',null,'中秋節還在吃烤肉？那你就落伍了！大家都響應環保開始吃火鍋了！來店打卡送肉片一盤，三種選擇一次滿足喔！',to_timestamp('28-SEP-20 03.40.02.844000000 PM','DD-MON-RR HH.MI.SSXFF AM'),0,0);
Insert into FRONT_INFORM (INFO_NO,MEM_NO,RES_NO,INFO_CONT,INFO_DATE,INFO_STS,READ_STS) values ('FI0129','MEM0043',null,'中秋節還在吃烤肉？那你就落伍了！大家都響應環保開始吃火鍋了！來店打卡送肉片一盤，三種選擇一次滿足喔！',to_timestamp('28-SEP-20 03.40.02.845000000 PM','DD-MON-RR HH.MI.SSXFF AM'),0,0);
Insert into FRONT_INFORM (INFO_NO,MEM_NO,RES_NO,INFO_CONT,INFO_DATE,INFO_STS,READ_STS) values ('FI0130','MEM0044',null,'中秋節還在吃烤肉？那你就落伍了！大家都響應環保開始吃火鍋了！來店打卡送肉片一盤，三種選擇一次滿足喔！',to_timestamp('28-SEP-20 03.40.02.846000000 PM','DD-MON-RR HH.MI.SSXFF AM'),0,0);
Insert into FRONT_INFORM (INFO_NO,MEM_NO,RES_NO,INFO_CONT,INFO_DATE,INFO_STS,READ_STS) values ('FI0131','MEM0045',null,'中秋節還在吃烤肉？那你就落伍了！大家都響應環保開始吃火鍋了！來店打卡送肉片一盤，三種選擇一次滿足喔！',to_timestamp('28-SEP-20 03.40.02.846000000 PM','DD-MON-RR HH.MI.SSXFF AM'),0,0);
Insert into FRONT_INFORM (INFO_NO,MEM_NO,RES_NO,INFO_CONT,INFO_DATE,INFO_STS,READ_STS) values ('FI0132','MEM0046',null,'中秋節還在吃烤肉？那你就落伍了！大家都響應環保開始吃火鍋了！來店打卡送肉片一盤，三種選擇一次滿足喔！',to_timestamp('28-SEP-20 03.40.02.847000000 PM','DD-MON-RR HH.MI.SSXFF AM'),0,0);
Insert into FRONT_INFORM (INFO_NO,MEM_NO,RES_NO,INFO_CONT,INFO_DATE,INFO_STS,READ_STS) values ('FI0133','MEM0047',null,'中秋節還在吃烤肉？那你就落伍了！大家都響應環保開始吃火鍋了！來店打卡送肉片一盤，三種選擇一次滿足喔！',to_timestamp('28-SEP-20 03.40.02.847000000 PM','DD-MON-RR HH.MI.SSXFF AM'),0,0);
Insert into FRONT_INFORM (INFO_NO,MEM_NO,RES_NO,INFO_CONT,INFO_DATE,INFO_STS,READ_STS) values ('FI0134','MEM0048',null,'中秋節還在吃烤肉？那你就落伍了！大家都響應環保開始吃火鍋了！來店打卡送肉片一盤，三種選擇一次滿足喔！',to_timestamp('28-SEP-20 03.40.02.848000000 PM','DD-MON-RR HH.MI.SSXFF AM'),0,0);
Insert into FRONT_INFORM (INFO_NO,MEM_NO,RES_NO,INFO_CONT,INFO_DATE,INFO_STS,READ_STS) values ('FI0135','MEM0049',null,'中秋節還在吃烤肉？那你就落伍了！大家都響應環保開始吃火鍋了！來店打卡送肉片一盤，三種選擇一次滿足喔！',to_timestamp('28-SEP-20 03.40.02.849000000 PM','DD-MON-RR HH.MI.SSXFF AM'),0,0);
Insert into FRONT_INFORM (INFO_NO,MEM_NO,RES_NO,INFO_CONT,INFO_DATE,INFO_STS,READ_STS) values ('FI0136','MEM0050',null,'中秋節還在吃烤肉？那你就落伍了！大家都響應環保開始吃火鍋了！來店打卡送肉片一盤，三種選擇一次滿足喔！',to_timestamp('28-SEP-20 03.40.02.849000000 PM','DD-MON-RR HH.MI.SSXFF AM'),0,0);
Insert into FRONT_INFORM (INFO_NO,MEM_NO,RES_NO,INFO_CONT,INFO_DATE,INFO_STS,READ_STS) values ('FI0137','MEM0010',null,'您的訂單已取消',to_timestamp('12-OCT-20 12.30.00.000000000 PM','DD-MON-RR HH.MI.SSXFF AM'),0,0);
Insert into FRONT_INFORM (INFO_NO,MEM_NO,RES_NO,INFO_CONT,INFO_DATE,INFO_STS,READ_STS) values ('FI0138','MEM0010','RESO0009','訂位成功，點選查看訂位訂單',to_timestamp('13-OCT-20 05.30.59.417000000 PM','DD-MON-RR HH.MI.SSXFF AM'),0,0);
Insert into FRONT_INFORM (INFO_NO,MEM_NO,RES_NO,INFO_CONT,INFO_DATE,INFO_STS,READ_STS) values ('FI0139','MEM0010','RESO0009','您預約今日 06:00PM 用餐，是否確認今日用餐？',to_timestamp('15-OCT-20 12.00.00.000000000 PM','DD-MON-RR HH.MI.SSXFF AM'),2,0);
Insert into FRONT_INFORM (INFO_NO,MEM_NO,RES_NO,INFO_CONT,INFO_DATE,INFO_STS,READ_STS) values ('FI0140','MEM0001',null,'萬聖節變裝秀！COSPLAY 來店打卡送肉片，限量 50 份，要來要快喔！',to_timestamp('25-OCT-20 03.41.15.598000000 PM','DD-MON-RR HH.MI.SSXFF AM'),0,0);
Insert into FRONT_INFORM (INFO_NO,MEM_NO,RES_NO,INFO_CONT,INFO_DATE,INFO_STS,READ_STS) values ('FI0141','MEM0002',null,'萬聖節變裝秀！COSPLAY 來店打卡送肉片，限量 50 份，要來要快喔！',to_timestamp('25-OCT-20 03.41.15.599000000 PM','DD-MON-RR HH.MI.SSXFF AM'),0,0);
Insert into FRONT_INFORM (INFO_NO,MEM_NO,RES_NO,INFO_CONT,INFO_DATE,INFO_STS,READ_STS) values ('FI0142','MEM0003',null,'萬聖節變裝秀！COSPLAY 來店打卡送肉片，限量 50 份，要來要快喔！',to_timestamp('25-OCT-20 03.41.15.600000000 PM','DD-MON-RR HH.MI.SSXFF AM'),0,0);
Insert into FRONT_INFORM (INFO_NO,MEM_NO,RES_NO,INFO_CONT,INFO_DATE,INFO_STS,READ_STS) values ('FI0143','MEM0004',null,'萬聖節變裝秀！COSPLAY 來店打卡送肉片，限量 50 份，要來要快喔！',to_timestamp('25-OCT-20 03.41.15.600000000 PM','DD-MON-RR HH.MI.SSXFF AM'),0,0);
Insert into FRONT_INFORM (INFO_NO,MEM_NO,RES_NO,INFO_CONT,INFO_DATE,INFO_STS,READ_STS) values ('FI0144','MEM0005',null,'萬聖節變裝秀！COSPLAY 來店打卡送肉片，限量 50 份，要來要快喔！',to_timestamp('25-OCT-20 03.41.15.601000000 PM','DD-MON-RR HH.MI.SSXFF AM'),0,0);
Insert into FRONT_INFORM (INFO_NO,MEM_NO,RES_NO,INFO_CONT,INFO_DATE,INFO_STS,READ_STS) values ('FI0145','MEM0006',null,'萬聖節變裝秀！COSPLAY 來店打卡送肉片，限量 50 份，要來要快喔！',to_timestamp('25-OCT-20 03.41.15.601000000 PM','DD-MON-RR HH.MI.SSXFF AM'),0,0);
Insert into FRONT_INFORM (INFO_NO,MEM_NO,RES_NO,INFO_CONT,INFO_DATE,INFO_STS,READ_STS) values ('FI0146','MEM0007',null,'萬聖節變裝秀！COSPLAY 來店打卡送肉片，限量 50 份，要來要快喔！',to_timestamp('25-OCT-20 03.41.15.602000000 PM','DD-MON-RR HH.MI.SSXFF AM'),0,0);
Insert into FRONT_INFORM (INFO_NO,MEM_NO,RES_NO,INFO_CONT,INFO_DATE,INFO_STS,READ_STS) values ('FI0147','MEM0008',null,'萬聖節變裝秀！COSPLAY 來店打卡送肉片，限量 50 份，要來要快喔！',to_timestamp('25-OCT-20 03.41.15.602000000 PM','DD-MON-RR HH.MI.SSXFF AM'),0,0);
Insert into FRONT_INFORM (INFO_NO,MEM_NO,RES_NO,INFO_CONT,INFO_DATE,INFO_STS,READ_STS) values ('FI0148','MEM0009',null,'萬聖節變裝秀！COSPLAY 來店打卡送肉片，限量 50 份，要來要快喔！',to_timestamp('25-OCT-20 03.41.15.602000000 PM','DD-MON-RR HH.MI.SSXFF AM'),0,0);
Insert into FRONT_INFORM (INFO_NO,MEM_NO,RES_NO,INFO_CONT,INFO_DATE,INFO_STS,READ_STS) values ('FI0149','MEM0010',null,'萬聖節變裝秀！COSPLAY 來店打卡送肉片，限量 50 份，要來要快喔！',to_timestamp('25-OCT-20 03.41.15.603000000 PM','DD-MON-RR HH.MI.SSXFF AM'),0,0);
Insert into FRONT_INFORM (INFO_NO,MEM_NO,RES_NO,INFO_CONT,INFO_DATE,INFO_STS,READ_STS) values ('FI0150','MEM0011',null,'萬聖節變裝秀！COSPLAY 來店打卡送肉片，限量 50 份，要來要快喔！',to_timestamp('25-OCT-20 03.41.15.603000000 PM','DD-MON-RR HH.MI.SSXFF AM'),0,0);
Insert into FRONT_INFORM (INFO_NO,MEM_NO,RES_NO,INFO_CONT,INFO_DATE,INFO_STS,READ_STS) values ('FI0151','MEM0012',null,'萬聖節變裝秀！COSPLAY 來店打卡送肉片，限量 50 份，要來要快喔！',to_timestamp('25-OCT-20 03.41.15.604000000 PM','DD-MON-RR HH.MI.SSXFF AM'),0,0);
Insert into FRONT_INFORM (INFO_NO,MEM_NO,RES_NO,INFO_CONT,INFO_DATE,INFO_STS,READ_STS) values ('FI0152','MEM0013',null,'萬聖節變裝秀！COSPLAY 來店打卡送肉片，限量 50 份，要來要快喔！',to_timestamp('25-OCT-20 03.41.15.604000000 PM','DD-MON-RR HH.MI.SSXFF AM'),0,0);
Insert into FRONT_INFORM (INFO_NO,MEM_NO,RES_NO,INFO_CONT,INFO_DATE,INFO_STS,READ_STS) values ('FI0153','MEM0014',null,'萬聖節變裝秀！COSPLAY 來店打卡送肉片，限量 50 份，要來要快喔！',to_timestamp('25-OCT-20 03.41.15.605000000 PM','DD-MON-RR HH.MI.SSXFF AM'),0,0);
Insert into FRONT_INFORM (INFO_NO,MEM_NO,RES_NO,INFO_CONT,INFO_DATE,INFO_STS,READ_STS) values ('FI0154','MEM0015',null,'萬聖節變裝秀！COSPLAY 來店打卡送肉片，限量 50 份，要來要快喔！',to_timestamp('25-OCT-20 03.41.15.605000000 PM','DD-MON-RR HH.MI.SSXFF AM'),0,0);
Insert into FRONT_INFORM (INFO_NO,MEM_NO,RES_NO,INFO_CONT,INFO_DATE,INFO_STS,READ_STS) values ('FI0155','MEM0016',null,'萬聖節變裝秀！COSPLAY 來店打卡送肉片，限量 50 份，要來要快喔！',to_timestamp('25-OCT-20 03.41.15.606000000 PM','DD-MON-RR HH.MI.SSXFF AM'),0,0);
Insert into FRONT_INFORM (INFO_NO,MEM_NO,RES_NO,INFO_CONT,INFO_DATE,INFO_STS,READ_STS) values ('FI0156','MEM0017',null,'萬聖節變裝秀！COSPLAY 來店打卡送肉片，限量 50 份，要來要快喔！',to_timestamp('25-OCT-20 03.41.15.606000000 PM','DD-MON-RR HH.MI.SSXFF AM'),0,0);
Insert into FRONT_INFORM (INFO_NO,MEM_NO,RES_NO,INFO_CONT,INFO_DATE,INFO_STS,READ_STS) values ('FI0157','MEM0018',null,'萬聖節變裝秀！COSPLAY 來店打卡送肉片，限量 50 份，要來要快喔！',to_timestamp('25-OCT-20 03.41.15.607000000 PM','DD-MON-RR HH.MI.SSXFF AM'),0,0);
Insert into FRONT_INFORM (INFO_NO,MEM_NO,RES_NO,INFO_CONT,INFO_DATE,INFO_STS,READ_STS) values ('FI0158','MEM0019',null,'萬聖節變裝秀！COSPLAY 來店打卡送肉片，限量 50 份，要來要快喔！',to_timestamp('25-OCT-20 03.41.15.607000000 PM','DD-MON-RR HH.MI.SSXFF AM'),0,0);
Insert into FRONT_INFORM (INFO_NO,MEM_NO,RES_NO,INFO_CONT,INFO_DATE,INFO_STS,READ_STS) values ('FI0159','MEM0020',null,'萬聖節變裝秀！COSPLAY 來店打卡送肉片，限量 50 份，要來要快喔！',to_timestamp('25-OCT-20 03.41.15.607000000 PM','DD-MON-RR HH.MI.SSXFF AM'),0,0);
Insert into FRONT_INFORM (INFO_NO,MEM_NO,RES_NO,INFO_CONT,INFO_DATE,INFO_STS,READ_STS) values ('FI0160','MEM0021',null,'萬聖節變裝秀！COSPLAY 來店打卡送肉片，限量 50 份，要來要快喔！',to_timestamp('25-OCT-20 03.41.15.608000000 PM','DD-MON-RR HH.MI.SSXFF AM'),0,0);
Insert into FRONT_INFORM (INFO_NO,MEM_NO,RES_NO,INFO_CONT,INFO_DATE,INFO_STS,READ_STS) values ('FI0161','MEM0022',null,'萬聖節變裝秀！COSPLAY 來店打卡送肉片，限量 50 份，要來要快喔！',to_timestamp('25-OCT-20 03.41.15.608000000 PM','DD-MON-RR HH.MI.SSXFF AM'),0,0);
Insert into FRONT_INFORM (INFO_NO,MEM_NO,RES_NO,INFO_CONT,INFO_DATE,INFO_STS,READ_STS) values ('FI0162','MEM0023',null,'萬聖節變裝秀！COSPLAY 來店打卡送肉片，限量 50 份，要來要快喔！',to_timestamp('25-OCT-20 03.41.15.609000000 PM','DD-MON-RR HH.MI.SSXFF AM'),0,0);
Insert into FRONT_INFORM (INFO_NO,MEM_NO,RES_NO,INFO_CONT,INFO_DATE,INFO_STS,READ_STS) values ('FI0163','MEM0024',null,'萬聖節變裝秀！COSPLAY 來店打卡送肉片，限量 50 份，要來要快喔！',to_timestamp('25-OCT-20 03.41.15.609000000 PM','DD-MON-RR HH.MI.SSXFF AM'),0,0);
Insert into FRONT_INFORM (INFO_NO,MEM_NO,RES_NO,INFO_CONT,INFO_DATE,INFO_STS,READ_STS) values ('FI0164','MEM0025',null,'萬聖節變裝秀！COSPLAY 來店打卡送肉片，限量 50 份，要來要快喔！',to_timestamp('25-OCT-20 03.41.15.610000000 PM','DD-MON-RR HH.MI.SSXFF AM'),0,0);
Insert into FRONT_INFORM (INFO_NO,MEM_NO,RES_NO,INFO_CONT,INFO_DATE,INFO_STS,READ_STS) values ('FI0165','MEM0026',null,'萬聖節變裝秀！COSPLAY 來店打卡送肉片，限量 50 份，要來要快喔！',to_timestamp('25-OCT-20 03.41.15.610000000 PM','DD-MON-RR HH.MI.SSXFF AM'),0,0);
Insert into FRONT_INFORM (INFO_NO,MEM_NO,RES_NO,INFO_CONT,INFO_DATE,INFO_STS,READ_STS) values ('FI0166','MEM0027',null,'萬聖節變裝秀！COSPLAY 來店打卡送肉片，限量 50 份，要來要快喔！',to_timestamp('25-OCT-20 03.41.15.611000000 PM','DD-MON-RR HH.MI.SSXFF AM'),0,0);
Insert into FRONT_INFORM (INFO_NO,MEM_NO,RES_NO,INFO_CONT,INFO_DATE,INFO_STS,READ_STS) values ('FI0167','MEM0028',null,'萬聖節變裝秀！COSPLAY 來店打卡送肉片，限量 50 份，要來要快喔！',to_timestamp('25-OCT-20 03.41.15.611000000 PM','DD-MON-RR HH.MI.SSXFF AM'),0,0);
Insert into FRONT_INFORM (INFO_NO,MEM_NO,RES_NO,INFO_CONT,INFO_DATE,INFO_STS,READ_STS) values ('FI0168','MEM0029',null,'萬聖節變裝秀！COSPLAY 來店打卡送肉片，限量 50 份，要來要快喔！',to_timestamp('25-OCT-20 03.41.15.612000000 PM','DD-MON-RR HH.MI.SSXFF AM'),0,0);
Insert into FRONT_INFORM (INFO_NO,MEM_NO,RES_NO,INFO_CONT,INFO_DATE,INFO_STS,READ_STS) values ('FI0169','MEM0030',null,'萬聖節變裝秀！COSPLAY 來店打卡送肉片，限量 50 份，要來要快喔！',to_timestamp('25-OCT-20 03.41.15.612000000 PM','DD-MON-RR HH.MI.SSXFF AM'),0,0);
Insert into FRONT_INFORM (INFO_NO,MEM_NO,RES_NO,INFO_CONT,INFO_DATE,INFO_STS,READ_STS) values ('FI0170','MEM0031',null,'萬聖節變裝秀！COSPLAY 來店打卡送肉片，限量 50 份，要來要快喔！',to_timestamp('25-OCT-20 03.41.15.613000000 PM','DD-MON-RR HH.MI.SSXFF AM'),0,0);
Insert into FRONT_INFORM (INFO_NO,MEM_NO,RES_NO,INFO_CONT,INFO_DATE,INFO_STS,READ_STS) values ('FI0171','MEM0032',null,'萬聖節變裝秀！COSPLAY 來店打卡送肉片，限量 50 份，要來要快喔！',to_timestamp('25-OCT-20 03.41.15.613000000 PM','DD-MON-RR HH.MI.SSXFF AM'),0,0);
Insert into FRONT_INFORM (INFO_NO,MEM_NO,RES_NO,INFO_CONT,INFO_DATE,INFO_STS,READ_STS) values ('FI0172','MEM0033',null,'萬聖節變裝秀！COSPLAY 來店打卡送肉片，限量 50 份，要來要快喔！',to_timestamp('25-OCT-20 03.41.15.613000000 PM','DD-MON-RR HH.MI.SSXFF AM'),0,0);
Insert into FRONT_INFORM (INFO_NO,MEM_NO,RES_NO,INFO_CONT,INFO_DATE,INFO_STS,READ_STS) values ('FI0173','MEM0034',null,'萬聖節變裝秀！COSPLAY 來店打卡送肉片，限量 50 份，要來要快喔！',to_timestamp('25-OCT-20 03.41.15.614000000 PM','DD-MON-RR HH.MI.SSXFF AM'),0,0);
Insert into FRONT_INFORM (INFO_NO,MEM_NO,RES_NO,INFO_CONT,INFO_DATE,INFO_STS,READ_STS) values ('FI0174','MEM0035',null,'萬聖節變裝秀！COSPLAY 來店打卡送肉片，限量 50 份，要來要快喔！',to_timestamp('25-OCT-20 03.41.15.614000000 PM','DD-MON-RR HH.MI.SSXFF AM'),0,0);
Insert into FRONT_INFORM (INFO_NO,MEM_NO,RES_NO,INFO_CONT,INFO_DATE,INFO_STS,READ_STS) values ('FI0175','MEM0036',null,'萬聖節變裝秀！COSPLAY 來店打卡送肉片，限量 50 份，要來要快喔！',to_timestamp('25-OCT-20 03.41.15.615000000 PM','DD-MON-RR HH.MI.SSXFF AM'),0,0);
Insert into FRONT_INFORM (INFO_NO,MEM_NO,RES_NO,INFO_CONT,INFO_DATE,INFO_STS,READ_STS) values ('FI0176','MEM0037',null,'萬聖節變裝秀！COSPLAY 來店打卡送肉片，限量 50 份，要來要快喔！',to_timestamp('25-OCT-20 03.41.15.615000000 PM','DD-MON-RR HH.MI.SSXFF AM'),0,0);
Insert into FRONT_INFORM (INFO_NO,MEM_NO,RES_NO,INFO_CONT,INFO_DATE,INFO_STS,READ_STS) values ('FI0177','MEM0038',null,'萬聖節變裝秀！COSPLAY 來店打卡送肉片，限量 50 份，要來要快喔！',to_timestamp('25-OCT-20 03.41.15.615000000 PM','DD-MON-RR HH.MI.SSXFF AM'),0,0);
Insert into FRONT_INFORM (INFO_NO,MEM_NO,RES_NO,INFO_CONT,INFO_DATE,INFO_STS,READ_STS) values ('FI0178','MEM0039',null,'萬聖節變裝秀！COSPLAY 來店打卡送肉片，限量 50 份，要來要快喔！',to_timestamp('25-OCT-20 03.41.15.616000000 PM','DD-MON-RR HH.MI.SSXFF AM'),0,0);
Insert into FRONT_INFORM (INFO_NO,MEM_NO,RES_NO,INFO_CONT,INFO_DATE,INFO_STS,READ_STS) values ('FI0179','MEM0040',null,'萬聖節變裝秀！COSPLAY 來店打卡送肉片，限量 50 份，要來要快喔！',to_timestamp('25-OCT-20 03.41.15.616000000 PM','DD-MON-RR HH.MI.SSXFF AM'),0,0);
Insert into FRONT_INFORM (INFO_NO,MEM_NO,RES_NO,INFO_CONT,INFO_DATE,INFO_STS,READ_STS) values ('FI0180','MEM0041',null,'萬聖節變裝秀！COSPLAY 來店打卡送肉片，限量 50 份，要來要快喔！',to_timestamp('25-OCT-20 03.41.15.617000000 PM','DD-MON-RR HH.MI.SSXFF AM'),0,0);
Insert into FRONT_INFORM (INFO_NO,MEM_NO,RES_NO,INFO_CONT,INFO_DATE,INFO_STS,READ_STS) values ('FI0181','MEM0042',null,'萬聖節變裝秀！COSPLAY 來店打卡送肉片，限量 50 份，要來要快喔！',to_timestamp('25-OCT-20 03.41.15.617000000 PM','DD-MON-RR HH.MI.SSXFF AM'),0,0);
Insert into FRONT_INFORM (INFO_NO,MEM_NO,RES_NO,INFO_CONT,INFO_DATE,INFO_STS,READ_STS) values ('FI0182','MEM0043',null,'萬聖節變裝秀！COSPLAY 來店打卡送肉片，限量 50 份，要來要快喔！',to_timestamp('25-OCT-20 03.41.15.618000000 PM','DD-MON-RR HH.MI.SSXFF AM'),0,0);
Insert into FRONT_INFORM (INFO_NO,MEM_NO,RES_NO,INFO_CONT,INFO_DATE,INFO_STS,READ_STS) values ('FI0183','MEM0044',null,'萬聖節變裝秀！COSPLAY 來店打卡送肉片，限量 50 份，要來要快喔！',to_timestamp('25-OCT-20 03.41.15.618000000 PM','DD-MON-RR HH.MI.SSXFF AM'),0,0);
Insert into FRONT_INFORM (INFO_NO,MEM_NO,RES_NO,INFO_CONT,INFO_DATE,INFO_STS,READ_STS) values ('FI0184','MEM0045',null,'萬聖節變裝秀！COSPLAY 來店打卡送肉片，限量 50 份，要來要快喔！',to_timestamp('25-OCT-20 03.41.15.618000000 PM','DD-MON-RR HH.MI.SSXFF AM'),0,0);
Insert into FRONT_INFORM (INFO_NO,MEM_NO,RES_NO,INFO_CONT,INFO_DATE,INFO_STS,READ_STS) values ('FI0185','MEM0046',null,'萬聖節變裝秀！COSPLAY 來店打卡送肉片，限量 50 份，要來要快喔！',to_timestamp('25-OCT-20 03.41.15.619000000 PM','DD-MON-RR HH.MI.SSXFF AM'),0,0);
Insert into FRONT_INFORM (INFO_NO,MEM_NO,RES_NO,INFO_CONT,INFO_DATE,INFO_STS,READ_STS) values ('FI0186','MEM0047',null,'萬聖節變裝秀！COSPLAY 來店打卡送肉片，限量 50 份，要來要快喔！',to_timestamp('25-OCT-20 03.41.15.619000000 PM','DD-MON-RR HH.MI.SSXFF AM'),0,0);
Insert into FRONT_INFORM (INFO_NO,MEM_NO,RES_NO,INFO_CONT,INFO_DATE,INFO_STS,READ_STS) values ('FI0187','MEM0048',null,'萬聖節變裝秀！COSPLAY 來店打卡送肉片，限量 50 份，要來要快喔！',to_timestamp('25-OCT-20 03.41.15.620000000 PM','DD-MON-RR HH.MI.SSXFF AM'),0,0);
Insert into FRONT_INFORM (INFO_NO,MEM_NO,RES_NO,INFO_CONT,INFO_DATE,INFO_STS,READ_STS) values ('FI0188','MEM0049',null,'萬聖節變裝秀！COSPLAY 來店打卡送肉片，限量 50 份，要來要快喔！',to_timestamp('25-OCT-20 03.41.15.620000000 PM','DD-MON-RR HH.MI.SSXFF AM'),0,0);
Insert into FRONT_INFORM (INFO_NO,MEM_NO,RES_NO,INFO_CONT,INFO_DATE,INFO_STS,READ_STS) values ('FI0189','MEM0050',null,'萬聖節變裝秀！COSPLAY 來店打卡送肉片，限量 50 份，要來要快喔！',to_timestamp('25-OCT-20 03.41.15.621000000 PM','DD-MON-RR HH.MI.SSXFF AM'),0,0);
--紅利商品-----------------------------------------------------------------------------------------------------------------------
CREATE TABLE BONUS (
    BNS_NO VARCHAR2(40) NOT NULL,
    BNS_NAME VARCHAR2(60) NOT NULL,
    BNS_PRICE NUMBER(10) NOT NULL,
    BNS_STKS NUMBER(10) NOT NULL,
    BNS_DATE DATE,
    BNS_STS NUMBER(1) DEFAULT(0) NOT NULL,
    BNS_IMG BLOB
);

INSERT INTO BONUS (BNS_NO,BNS_NAME,BNS_PRICE,BNS_STKS,BNS_DATE,BNS_STS,BNS_IMG) VALUES ('BN0001','伍拾圓禮卷','500','99',TO_DATE('31-DEC-20','DD-MON-RR'),1,EMPTY_BLOB());																		
INSERT INTO BONUS (BNS_NO,BNS_NAME,BNS_PRICE,BNS_STKS,BNS_DATE,BNS_STS,BNS_IMG) VALUES ('BN0002','壹佰圓禮卷','1000','99',TO_DATE('31-DEC-20','DD-MON-RR'),1,EMPTY_BLOB());																			
INSERT INTO BONUS (BNS_NO,BNS_NAME,BNS_PRICE,BNS_STKS,BNS_DATE,BNS_STS,BNS_IMG) VALUES ('BN0003','倆佰圓禮卷','2000','99',TO_DATE('31-DEC-20','DD-MON-RR'),1,EMPTY_BLOB());																			
INSERT INTO BONUS (BNS_NO,BNS_NAME,BNS_PRICE,BNS_STKS,BNS_DATE,BNS_STS,BNS_IMG) VALUES ('BN0004','伍佰圓禮卷','5000','99',TO_DATE('31-DEC-20','DD-MON-RR'),1,EMPTY_BLOB());																			
INSERT INTO BONUS (BNS_NO,BNS_NAME,BNS_PRICE,BNS_STKS,BNS_DATE,BNS_STS,BNS_IMG) VALUES ('BN0005','九五折優惠卷','3000','99',TO_DATE('31-DEC-20','DD-MON-RR'),1,EMPTY_BLOB());																			
INSERT INTO BONUS (BNS_NO,BNS_NAME,BNS_PRICE,BNS_STKS,BNS_DATE,BNS_STS,BNS_IMG) VALUES ('BN0006','九折優惠卷','5000','99',TO_DATE('31-DEC-20','DD-MON-RR'),1,EMPTY_BLOB());																			
INSERT INTO BONUS (BNS_NO,BNS_NAME,BNS_PRICE,BNS_STKS,BNS_DATE,BNS_STS,BNS_IMG) VALUES ('BN0007','八五折優惠卷','8000','99',TO_DATE('31-DEC-20','DD-MON-RR'),1,EMPTY_BLOB());																			
INSERT INTO BONUS (BNS_NO,BNS_NAME,BNS_PRICE,BNS_STKS,BNS_DATE,BNS_STS,BNS_IMG) VALUES ('BN0008','八折優惠卷','12000','99',TO_DATE('31-DEC-20','DD-MON-RR'),1,EMPTY_BLOB());																			
INSERT INTO BONUS (BNS_NO,BNS_NAME,BNS_PRICE,BNS_STKS,BNS_DATE,BNS_STS,BNS_IMG) VALUES ('BN0009','電蚊拍','10000','0',TO_DATE('30-NOV-20','DD-MON-RR'),0,EMPTY_BLOB());																			
INSERT INTO BONUS (BNS_NO,BNS_NAME,BNS_PRICE,BNS_STKS,BNS_DATE,BNS_STS,BNS_IMG) VALUES ('BN0010','體重計','12000','75',TO_DATE('30-NOV-20','DD-MON-RR'),1,EMPTY_BLOB());																			
INSERT INTO BONUS (BNS_NO,BNS_NAME,BNS_PRICE,BNS_STKS,BNS_DATE,BNS_STS,BNS_IMG) VALUES ('BN0011','烤麵包機','15000','70',TO_DATE('30-NOV-20','DD-MON-RR'),1,EMPTY_BLOB());																			
INSERT INTO BONUS (BNS_NO,BNS_NAME,BNS_PRICE,BNS_STKS,BNS_DATE,BNS_STS,BNS_IMG) VALUES ('BN0012','烤箱','18000','65',TO_DATE('30-NOV-20','DD-MON-RR'),1,EMPTY_BLOB());																			
INSERT INTO BONUS (BNS_NO,BNS_NAME,BNS_PRICE,BNS_STKS,BNS_DATE,BNS_STS,BNS_IMG) VALUES ('BN0013','電鍋','20000','60',TO_DATE('30-NOV-20','DD-MON-RR'),1,EMPTY_BLOB());																			
INSERT INTO BONUS (BNS_NO,BNS_NAME,BNS_PRICE,BNS_STKS,BNS_DATE,BNS_STS,BNS_IMG) VALUES ('BN0014','氣炸鍋','23000','55',TO_DATE('30-NOV-20','DD-MON-RR'),1,EMPTY_BLOB());																			
INSERT INTO BONUS (BNS_NO,BNS_NAME,BNS_PRICE,BNS_STKS,BNS_DATE,BNS_STS,BNS_IMG) VALUES ('BN0015','微波爐','25000','50',TO_DATE('30-NOV-20','DD-MON-RR'),1,EMPTY_BLOB());																			
INSERT INTO BONUS (BNS_NO,BNS_NAME,BNS_PRICE,BNS_STKS,BNS_DATE,BNS_STS,BNS_IMG) VALUES ('BN0016','電暖器','28000','45',TO_DATE('31-DEC-20','DD-MON-RR'),1,EMPTY_BLOB());																			
INSERT INTO BONUS (BNS_NO,BNS_NAME,BNS_PRICE,BNS_STKS,BNS_DATE,BNS_STS,BNS_IMG) VALUES ('BN0017','藍芽耳機','30000','40',TO_DATE('31-DEC-20','DD-MON-RR'),1,EMPTY_BLOB());																			
INSERT INTO BONUS (BNS_NO,BNS_NAME,BNS_PRICE,BNS_STKS,BNS_DATE,BNS_STS,BNS_IMG) VALUES ('BN0018','負離子吹風機','35000','35',TO_DATE('31-DEC-20','DD-MON-RR'),1,EMPTY_BLOB());																			
INSERT INTO BONUS (BNS_NO,BNS_NAME,BNS_PRICE,BNS_STKS,BNS_DATE,BNS_STS,BNS_IMG) VALUES ('BN0019','空氣清淨機','40000','30',TO_DATE('31-DEC-20','DD-MON-RR'),1,EMPTY_BLOB());																			
INSERT INTO BONUS (BNS_NO,BNS_NAME,BNS_PRICE,BNS_STKS,BNS_DATE,BNS_STS,BNS_IMG) VALUES ('BN0020','行李箱','50000','20',TO_DATE('31-DEC-20','DD-MON-RR'),1,EMPTY_BLOB());
--紅利商品訂單--------------------------------------------------------------------------------------------------------------------
CREATE TABLE BONUS_ORDER (
    BO_NO VARCHAR2(40) NOT NULL,
    MEM_NO VARCHAR2(40) NOT NULL,
    BO_DATE DATE,
    PROMO_CODE VARCHAR2(20)
);

INSERT INTO BONUS_ORDER (BO_NO,MEM_NO,BO_DATE,PROMO_CODE) VALUES ('BO0001','MEM0007',TO_TIMESTAMP('27-FEB-20 09.40.32.431000000 PM','DD-MON-RR HH.MI.SSXFF AM'),'0xach99wuE');
INSERT INTO BONUS_ORDER (BO_NO,MEM_NO,BO_DATE,PROMO_CODE) VALUES ('BO0002','MEM0019',TO_TIMESTAMP('11-APR-20 04.38.45.192000000 PM','DD-MON-RR HH.MI.SSXFF AM'),'55S4HwpVbK');
INSERT INTO BONUS_ORDER (BO_NO,MEM_NO,BO_DATE,PROMO_CODE) VALUES ('BO0003','MEM0024',TO_TIMESTAMP('20-MAY-20 05.30.04.317000000 AM','DD-MON-RR HH.MI.SSXFF AM'),'8bnYzYLu6o');
INSERT INTO BONUS_ORDER (BO_NO,MEM_NO,BO_DATE,PROMO_CODE) VALUES ('BO0004','MEM0031',TO_TIMESTAMP('06-JUL-20 11.07.09.864000000 PM','DD-MON-RR HH.MI.SSXFF AM'),'B1SRXIBQUK');
INSERT INTO BONUS_ORDER (BO_NO,MEM_NO,BO_DATE,PROMO_CODE) VALUES ('BO0005','MEM0043',TO_TIMESTAMP('22-SEP-20 02.31.16.279000000 PM','DD-MON-RR HH.MI.SSXFF AM'),'FYWVURQHI5');
--紅利商品訂單明細----------------------------------------------------------------------------------------------------------------
CREATE TABLE BONUS_ORDER_DETAIL (
    BO_NO VARCHAR2(40) NOT NULL,
    BNS_NO VARCHAR2(40) NOT NULL,
    QUANTITY NUMBER(5) NOT NULL
);

INSERT INTO BONUS_ORDER_DETAIL (BO_NO,BNS_NO,QUANTITY) VALUES ('BO0001','BN0003',2);
INSERT INTO BONUS_ORDER_DETAIL (BO_NO,BNS_NO,QUANTITY) VALUES ('BO0001','BN0004',1);
INSERT INTO BONUS_ORDER_DETAIL (BO_NO,BNS_NO,QUANTITY) VALUES ('BO0002','BN0001',1);
INSERT INTO BONUS_ORDER_DETAIL (BO_NO,BNS_NO,QUANTITY) VALUES ('BO0002','BN0010',1);
INSERT INTO BONUS_ORDER_DETAIL (BO_NO,BNS_NO,QUANTITY) VALUES ('BO0003','BN0011',2);
INSERT INTO BONUS_ORDER_DETAIL (BO_NO,BNS_NO,QUANTITY) VALUES ('BO0003','BN0014',1);
INSERT INTO BONUS_ORDER_DETAIL (BO_NO,BNS_NO,QUANTITY) VALUES ('BO0004','BN0013',1);
INSERT INTO BONUS_ORDER_DETAIL (BO_NO,BNS_NO,QUANTITY) VALUES ('BO0004','BN0018',2);
INSERT INTO BONUS_ORDER_DETAIL (BO_NO,BNS_NO,QUANTITY) VALUES ('BO0004','BN0019',1);
INSERT INTO BONUS_ORDER_DETAIL (BO_NO,BNS_NO,QUANTITY) VALUES ('BO0005','BN0001',3);
INSERT INTO BONUS_ORDER_DETAIL (BO_NO,BNS_NO,QUANTITY) VALUES ('BO0005','BN0020',1);
--會員評價-----------------------------------------------------------------------------------------------------------------------
CREATE TABLE MEMBER_REVIEW (
    REVIEW_NO VARCHAR2(40) NOT NULL,
    MEAL_ORDER_NO VARCHAR2(40) NOT NULL,
    MEM_REVIEW_CON VARCHAR2(300) NOT NULL,
    REVIEW_DATE TIMESTAMP DEFAULT CURRENT_TIMESTAMP,
    REVIEW_STS NUMBER(1) DEFAULT(0) NOT NULL,
    REVIEW_DEL NUMBER(1) DEFAULT(0) NOT NULL
);

INSERT INTO MEMBER_REVIEW (REVIEW_NO,MEAL_ORDER_NO,MEM_REVIEW_CON,REVIEW_DATE,REVIEW_STS,REVIEW_DEL) VALUES ('MR0001','MEO0002','服務超級棒的，食材也新鮮！',TO_TIMESTAMP('01-JAN-20 03.44.39.576000000 PM','DD-MON-RR HH.MI.SSXFF AM'),1,0);																			
INSERT INTO MEMBER_REVIEW (REVIEW_NO,MEAL_ORDER_NO,MEM_REVIEW_CON,REVIEW_DATE,REVIEW_STS,REVIEW_DEL) VALUES ('MR0002','MEO0003','只要進來這個連結，看到大家的改變，相信你也會想去嘗試的！',TO_TIMESTAMP('05-JAN-20 05.11.47.348000000 PM','DD-MON-RR HH.MI.SSXFF AM'),1,1);																			
INSERT INTO MEMBER_REVIEW (REVIEW_NO,MEAL_ORDER_NO,MEM_REVIEW_CON,REVIEW_DATE,REVIEW_STS,REVIEW_DEL) VALUES ('MR0003','MEO0004','東西偏貴，吃過一次就不會想再去了',TO_TIMESTAMP('08-JAN-20 11.25.59.224000000 PM','DD-MON-RR HH.MI.SSXFF AM'),1,0);																			
INSERT INTO MEMBER_REVIEW (REVIEW_NO,MEAL_ORDER_NO,MEM_REVIEW_CON,REVIEW_DATE,REVIEW_STS,REVIEW_DEL) VALUES ('MR0004','MEO0009','很喜歡吃很澎湃，帶朋友來慶生',TO_TIMESTAMP('13-JAN-20 02.25.18.787000000 PM','DD-MON-RR HH.MI.SSXFF AM'),1,0);																			
INSERT INTO MEMBER_REVIEW (REVIEW_NO,MEAL_ORDER_NO,MEM_REVIEW_CON,REVIEW_DATE,REVIEW_STS,REVIEW_DEL) VALUES ('MR0005','MEO0010','肉多好吃，服務態度超好的',TO_TIMESTAMP('20-JAN-20 08.38.12.135000000 AM','DD-MON-RR HH.MI.SSXFF AM'),1,0);																			
INSERT INTO MEMBER_REVIEW (REVIEW_NO,MEAL_ORDER_NO,MEM_REVIEW_CON,REVIEW_DATE,REVIEW_STS,REVIEW_DEL) VALUES ('MR0006','MEO0011','不會再來了',TO_TIMESTAMP('23-JAN-20 08.54.08.687000000 PM','DD-MON-RR HH.MI.SSXFF AM'),1,0);																			
INSERT INTO MEMBER_REVIEW (REVIEW_NO,MEAL_ORDER_NO,MEM_REVIEW_CON,REVIEW_DATE,REVIEW_STS,REVIEW_DEL) VALUES ('MR0007','MEO0012','食物新鮮！服務優質',TO_TIMESTAMP('02-FEB-20 02.28.49.412000000 PM','DD-MON-RR HH.MI.SSXFF AM'),1,0);																			
INSERT INTO MEMBER_REVIEW (REVIEW_NO,MEAL_ORDER_NO,MEM_REVIEW_CON,REVIEW_DATE,REVIEW_STS,REVIEW_DEL) VALUES ('MR0008','MEO0013','NULL',TO_TIMESTAMP('02-FEB-20 02.28.49.412000000 PM','DD-MON-RR HH.MI.SSXFF AM'),0,0);																			
INSERT INTO MEMBER_REVIEW (REVIEW_NO,MEAL_ORDER_NO,MEM_REVIEW_CON,REVIEW_DATE,REVIEW_STS,REVIEW_DEL) VALUES ('MR0009','MEO0014','價位太貴，CP值低',TO_TIMESTAMP('12-FEB-20 04.47.22.453000000 PM','DD-MON-RR HH.MI.SSXFF AM'),1,0);																			
INSERT INTO MEMBER_REVIEW (REVIEW_NO,MEAL_ORDER_NO,MEM_REVIEW_CON,REVIEW_DATE,REVIEW_STS,REVIEW_DEL) VALUES ('MR0010','MEO0015','CP值很高的火鍋店，海鮮食材新鮮，肉質也好吃，值得再訪。',TO_TIMESTAMP('15-FEB-20 05.45.59.417000000 PM','DD-MON-RR HH.MI.SSXFF AM'),1,0);																			
INSERT INTO MEMBER_REVIEW (REVIEW_NO,MEAL_ORDER_NO,MEM_REVIEW_CON,REVIEW_DATE,REVIEW_STS,REVIEW_DEL) VALUES ('MR0011','MEO0016','服務不錯！環境也算乾淨整潔',TO_TIMESTAMP('22-FEB-20 10.21.04.571000000 PM','DD-MON-RR HH.MI.SSXFF AM'),1,0);																			
INSERT INTO MEMBER_REVIEW (REVIEW_NO,MEAL_ORDER_NO,MEM_REVIEW_CON,REVIEW_DATE,REVIEW_STS,REVIEW_DEL) VALUES ('MR0012','MEO0017','評價那麽高，果真沒有讓我失望！！！',TO_TIMESTAMP('27-FEB-20 09.41.35.671000000 PM','DD-MON-RR HH.MI.SSXFF AM'),1,0);																			
INSERT INTO MEMBER_REVIEW (REVIEW_NO,MEAL_ORDER_NO,MEM_REVIEW_CON,REVIEW_DATE,REVIEW_STS,REVIEW_DEL) VALUES ('MR0013','MEO0018','超級無敵好吃，簡直欲罷不能，一定會在來吃的！',TO_TIMESTAMP('28-FEB-20 11.18.28.248000000 PM','DD-MON-RR HH.MI.SSXFF AM'),1,0);																			
INSERT INTO MEMBER_REVIEW (REVIEW_NO,MEAL_ORDER_NO,MEM_REVIEW_CON,REVIEW_DATE,REVIEW_STS,REVIEW_DEL) VALUES ('MR0014','MEO0019','NULL',TO_TIMESTAMP('02-FEB-20 02.28.49.412000000 PM','DD-MON-RR HH.MI.SSXFF AM'),0,0);																				
INSERT INTO MEMBER_REVIEW (REVIEW_NO,MEAL_ORDER_NO,MEM_REVIEW_CON,REVIEW_DATE,REVIEW_STS,REVIEW_DEL) VALUES ('MR0015','MEO0020','超好吃！下次會在帶朋友來~',TO_TIMESTAMP('06-MAR-20 07.12.33.547000000 PM','DD-MON-RR HH.MI.SSXFF AM'),1,0);																			
INSERT INTO MEMBER_REVIEW (REVIEW_NO,MEAL_ORDER_NO,MEM_REVIEW_CON,REVIEW_DATE,REVIEW_STS,REVIEW_DEL) VALUES ('MR0016','MEO0021','你想要有被動收入嗎？加我好友詳談',TO_TIMESTAMP('09-MAR-20 08.12.45.345000000 PM','DD-MON-RR HH.MI.SSXFF AM'),1,1);																			
INSERT INTO MEMBER_REVIEW (REVIEW_NO,MEAL_ORDER_NO,MEM_REVIEW_CON,REVIEW_DATE,REVIEW_STS,REVIEW_DEL) VALUES ('MR0017','MEO0022','好吃，適合愛吃肉的人，服務人員態度優質',TO_TIMESTAMP('14-MAR-20 01.24.25.467000000 PM','DD-MON-RR HH.MI.SSXFF AM'),1,0);																			
INSERT INTO MEMBER_REVIEW (REVIEW_NO,MEAL_ORDER_NO,MEM_REVIEW_CON,REVIEW_DATE,REVIEW_STS,REVIEW_DEL) VALUES ('MR0018','MEO0023','本人最近開始經營代購唷~有興趣的網友請加我好友！',TO_TIMESTAMP('18-MAR-20 08.13.28.748000000 PM','DD-MON-RR HH.MI.SSXFF AM'),1,1);																			
INSERT INTO MEMBER_REVIEW (REVIEW_NO,MEAL_ORDER_NO,MEM_REVIEW_CON,REVIEW_DATE,REVIEW_STS,REVIEW_DEL) VALUES ('MR0019','MEO0024','湯頭還不錯~服務生態度很親切',TO_TIMESTAMP('20-MAR-20 03.22.49.314000000 PM','DD-MON-RR HH.MI.SSXFF AM'),1,0);																			
INSERT INTO MEMBER_REVIEW (REVIEW_NO,MEAL_ORDER_NO,MEM_REVIEW_CON,REVIEW_DATE,REVIEW_STS,REVIEW_DEL) VALUES ('MR0020','MEO0025','NULL',TO_TIMESTAMP('02-FEB-20 02.28.49.412000000 PM','DD-MON-RR HH.MI.SSXFF AM'),0,0);																				
INSERT INTO MEMBER_REVIEW (REVIEW_NO,MEAL_ORDER_NO,MEM_REVIEW_CON,REVIEW_DATE,REVIEW_STS,REVIEW_DEL) VALUES ('MR0021','MEO0026','稍貴，東西皆新鮮，服務周到',TO_TIMESTAMP('24-MAR-20 11.48.18.448000000 PM','DD-MON-RR HH.MI.SSXFF AM'),1,0);																			
INSERT INTO MEMBER_REVIEW (REVIEW_NO,MEAL_ORDER_NO,MEM_REVIEW_CON,REVIEW_DATE,REVIEW_STS,REVIEW_DEL) VALUES ('MR0022','MEO0027','店內裝潢滿簡約的 給人一種很舒服的感覺',TO_TIMESTAMP('27-MAR-20 08.24.49.227000000 PM','DD-MON-RR HH.MI.SSXFF AM'),1,0);																			
INSERT INTO MEMBER_REVIEW (REVIEW_NO,MEAL_ORDER_NO,MEM_REVIEW_CON,REVIEW_DATE,REVIEW_STS,REVIEW_DEL) VALUES ('MR0023','MEO0028','服務好，食物新鮮，用餐空間舒適',TO_TIMESTAMP('08-APR-20 05.47.13.579000000 PM','DD-MON-RR HH.MI.SSXFF AM'),1,0);																			
INSERT INTO MEMBER_REVIEW (REVIEW_NO,MEAL_ORDER_NO,MEM_REVIEW_CON,REVIEW_DATE,REVIEW_STS,REVIEW_DEL) VALUES ('MR0024','MEO0029','NULL',TO_TIMESTAMP('02-FEB-20 02.28.49.412000000 PM','DD-MON-RR HH.MI.SSXFF AM'),0,0);																				
INSERT INTO MEMBER_REVIEW (REVIEW_NO,MEAL_ORDER_NO,MEM_REVIEW_CON,REVIEW_DATE,REVIEW_STS,REVIEW_DEL) VALUES ('MR0025','MEO0030','夏日就是來吃胖大飽一頓！',TO_TIMESTAMP('17-APR-20 09.25.16.284000000 PM','DD-MON-RR HH.MI.SSXFF AM'),1,0);																			
INSERT INTO MEMBER_REVIEW (REVIEW_NO,MEAL_ORDER_NO,MEM_REVIEW_CON,REVIEW_DATE,REVIEW_STS,REVIEW_DEL) VALUES ('MR0026','MEO0031','肉超級多的，肉質也很棒，美味的湯頭',TO_TIMESTAMP('22-APR-20 04.58.02.149000000 AM','DD-MON-RR HH.MI.SSXFF AM'),1,0);																			
INSERT INTO MEMBER_REVIEW (REVIEW_NO,MEAL_ORDER_NO,MEM_REVIEW_CON,REVIEW_DATE,REVIEW_STS,REVIEW_DEL) VALUES ('MR0027','MEO0032','NULL',TO_TIMESTAMP('02-FEB-20 02.28.49.412000000 PM','DD-MON-RR HH.MI.SSXFF AM'),0,0);																			
INSERT INTO MEMBER_REVIEW (REVIEW_NO,MEAL_ORDER_NO,MEM_REVIEW_CON,REVIEW_DATE,REVIEW_STS,REVIEW_DEL) VALUES ('MR0028','MEO0033','這個是介紹美食的水管頻道喔，點進來訂閱吧',TO_TIMESTAMP('26-APR-20 07.27.38.847000000 PM','DD-MON-RR HH.MI.SSXFF AM'),1,1);																			
INSERT INTO MEMBER_REVIEW (REVIEW_NO,MEAL_ORDER_NO,MEM_REVIEW_CON,REVIEW_DATE,REVIEW_STS,REVIEW_DEL) VALUES ('MR0029','MEO0034','不好吃又貴還收服務費',TO_TIMESTAMP('01-MAY-20 10.12.18.227000000 AM','DD-MON-RR HH.MI.SSXFF AM'),1,0);																			
INSERT INTO MEMBER_REVIEW (REVIEW_NO,MEAL_ORDER_NO,MEM_REVIEW_CON,REVIEW_DATE,REVIEW_STS,REVIEW_DEL) VALUES ('MR0030','MEO0035','價格與內容物超划算，只是每次客人都很多不好訂位...',TO_TIMESTAMP('09-MAY-20 11.02.18.147000000 PM','DD-MON-RR HH.MI.SSXFF AM'),1,0);																			
INSERT INTO MEMBER_REVIEW (REVIEW_NO,MEAL_ORDER_NO,MEM_REVIEW_CON,REVIEW_DATE,REVIEW_STS,REVIEW_DEL) VALUES ('MR0031','MEO0036','NULL',TO_TIMESTAMP('02-FEB-20 02.28.49.412000000 PM','DD-MON-RR HH.MI.SSXFF AM'),0,0);																				
INSERT INTO MEMBER_REVIEW (REVIEW_NO,MEAL_ORDER_NO,MEM_REVIEW_CON,REVIEW_DATE,REVIEW_STS,REVIEW_DEL) VALUES ('MR0032','MEO0037','服務人員態度令人不敢恭維',TO_TIMESTAMP('16-MAY-20 07.09.18.831000000 AM','DD-MON-RR HH.MI.SSXFF AM'),1,0);																			
INSERT INTO MEMBER_REVIEW (REVIEW_NO,MEAL_ORDER_NO,MEM_REVIEW_CON,REVIEW_DATE,REVIEW_STS,REVIEW_DEL) VALUES ('MR0033','MEO0038','第一次來就愛上的火鍋店，今天老婆生日，又帶她來一起享受鮮鍋！',TO_TIMESTAMP('24-MAY-20 02.12.08.473000000 PM','DD-MON-RR HH.MI.SSXFF AM'),1,0);																			
INSERT INTO MEMBER_REVIEW (REVIEW_NO,MEAL_ORDER_NO,MEM_REVIEW_CON,REVIEW_DATE,REVIEW_STS,REVIEW_DEL) VALUES ('MR0034','MEO0039','NULL',TO_TIMESTAMP('02-FEB-20 02.28.49.412000000 PM','DD-MON-RR HH.MI.SSXFF AM'),0,0);																				
INSERT INTO MEMBER_REVIEW (REVIEW_NO,MEAL_ORDER_NO,MEM_REVIEW_CON,REVIEW_DATE,REVIEW_STS,REVIEW_DEL) VALUES ('MR0035','MEO0040','服務超差！',TO_TIMESTAMP('07-JUN-20 10.08.24.882000000 PM','DD-MON-RR HH.MI.SSXFF AM'),1,0);																			
INSERT INTO MEMBER_REVIEW (REVIEW_NO,MEAL_ORDER_NO,MEM_REVIEW_CON,REVIEW_DATE,REVIEW_STS,REVIEW_DEL) VALUES ('MR0036','MEO0041','會覺得好吃的，是不是沒吃過好吃的火鍋？',TO_TIMESTAMP('11-JUN-20 02.01.44.325000000 PM','DD-MON-RR HH.MI.SSXFF AM'),1,0);																			
INSERT INTO MEMBER_REVIEW (REVIEW_NO,MEAL_ORDER_NO,MEM_REVIEW_CON,REVIEW_DATE,REVIEW_STS,REVIEW_DEL) VALUES ('MR0037','MEO0042','肉品優質價格也不高，很適合朋友聚餐',TO_TIMESTAMP('19-JUN-20 08.12.34.664000000 PM','DD-MON-RR HH.MI.SSXFF AM'),1,0);																			
INSERT INTO MEMBER_REVIEW (REVIEW_NO,MEAL_ORDER_NO,MEM_REVIEW_CON,REVIEW_DATE,REVIEW_STS,REVIEW_DEL) VALUES ('MR0038','MEO0043','NULL',TO_TIMESTAMP('02-FEB-20 02.28.49.412000000 PM','DD-MON-RR HH.MI.SSXFF AM'),0,0);																			
INSERT INTO MEMBER_REVIEW (REVIEW_NO,MEAL_ORDER_NO,MEM_REVIEW_CON,REVIEW_DATE,REVIEW_STS,REVIEW_DEL) VALUES ('MR0039','MEO0044','食材新鮮，空間大環境好，員工態度優良服務很好',TO_TIMESTAMP('03-JUL-20 08.47.55.285000000 PM','DD-MON-RR HH.MI.SSXFF AM'),1,0);																			
INSERT INTO MEMBER_REVIEW (REVIEW_NO,MEAL_ORDER_NO,MEM_REVIEW_CON,REVIEW_DATE,REVIEW_STS,REVIEW_DEL) VALUES ('MR0040','MEO0045','鍋物新鮮，肉的品質個人覺得滿棒的',TO_TIMESTAMP('12-JUL-20 01.13.46.775000000 PM','DD-MON-RR HH.MI.SSXFF AM'),1,0);																			
INSERT INTO MEMBER_REVIEW (REVIEW_NO,MEAL_ORDER_NO,MEM_REVIEW_CON,REVIEW_DATE,REVIEW_STS,REVIEW_DEL) VALUES ('MR0041','MEO0046','最不怕人吃的火鍋店！只是常常要排隊，建議先預約！',TO_TIMESTAMP('20-JUL-20 10.23.31.597000000 PM','DD-MON-RR HH.MI.SSXFF AM'),1,0);																			
INSERT INTO MEMBER_REVIEW (REVIEW_NO,MEAL_ORDER_NO,MEM_REVIEW_CON,REVIEW_DATE,REVIEW_STS,REVIEW_DEL) VALUES ('MR0042','MEO0047','NULL',TO_TIMESTAMP('02-FEB-20 02.28.49.412000000 PM','DD-MON-RR HH.MI.SSXFF AM'),0,0);																				
INSERT INTO MEMBER_REVIEW (REVIEW_NO,MEAL_ORDER_NO,MEM_REVIEW_CON,REVIEW_DATE,REVIEW_STS,REVIEW_DEL) VALUES ('MR0043','MEO0048','臉書搜尋訂位GO餐廳幫忙按讚！',TO_TIMESTAMP('21-JUL-20 01.22.41.758000000 PM','DD-MON-RR HH.MI.SSXFF AM'),1,1);																			
INSERT INTO MEMBER_REVIEW (REVIEW_NO,MEAL_ORDER_NO,MEM_REVIEW_CON,REVIEW_DATE,REVIEW_STS,REVIEW_DEL) VALUES ('MR0044','MEO0049','裝潢具文青風，吸引女生光臨，肉質還不錯',TO_TIMESTAMP('09-AUG-20 11.01.52.84800000 PM','DD-MON-RR HH.MI.SSXFF AM'),1,0);																			
INSERT INTO MEMBER_REVIEW (REVIEW_NO,MEAL_ORDER_NO,MEM_REVIEW_CON,REVIEW_DATE,REVIEW_STS,REVIEW_DEL) VALUES ('MR0045','MEO0050','幾乎每個月有機會都要來吃胖吧報到一次！',TO_TIMESTAMP('17-AUG-20 07.21.02.36700 AM','DD-MON-RR HH.MI.SSXFF AM'),1,0);																			
--評價檢舉-----------------------------------------------------------------------------------------------------------------------
CREATE TABLE REPORT_APPRAISE (
    REPORT_NO VARCHAR2(40) NOT NULL,
    REVIEW_NO VARCHAR2(40) NOT NULL,
    MEM_NO VARCHAR2(40) NOT NULL,
    EMP_NO VARCHAR2(40) NOT NULL,
    REPORT_DATE TIMESTAMP DEFAULT CURRENT_TIMESTAMP,
    REPORT_CON VARCHAR2(300) NOT NULL,
    REPLY_STS NUMBER(1) DEFAULT(0) NOT NULL
);

INSERT INTO REPORT_APPRAISE (REPORT_NO,REVIEW_NO,MEM_NO,EMP_NO,REPORT_DATE,REPORT_CON,REPLY_STS) VALUES ('RO0001','MR0002','MEM0003','EMP0006',TO_TIMESTAMP('23-JAN-20 11.23.28.487000000 AM','DD-MON-RR HH.MI.SSXFF AM'),'直銷看到很煩了',2);																		
INSERT INTO REPORT_APPRAISE (REPORT_NO,REVIEW_NO,MEM_NO,EMP_NO,REPORT_DATE,REPORT_CON,REPLY_STS) VALUES	('RO0002','MR0006','MEM0008','EMP0006',TO_TIMESTAMP('03-MAR-20 04.48.01.789000000 PM','DD-MON-RR HH.MI.SSXFF AM'),'跩什麼',1);																		
INSERT INTO REPORT_APPRAISE (REPORT_NO,REVIEW_NO,MEM_NO,EMP_NO,REPORT_DATE,REPORT_CON,REPLY_STS) VALUES	('RO0003','MR0016','MEM0013','EMP0001',TO_TIMESTAMP('17-MAR-20 01.47.21.664000000 PM','DD-MON-RR HH.MI.SSXFF AM'),'直銷廣告誒',2);																		
INSERT INTO REPORT_APPRAISE (REPORT_NO,REVIEW_NO,MEM_NO,EMP_NO,REPORT_DATE,REPORT_CON,REPLY_STS) VALUES	('RO0004','MR0018','MEM0023','EMP0003',TO_TIMESTAMP('01-APR-20 10.09.18.812000000 PM','DD-MON-RR HH.MI.SSXFF AM'),'無關餐廳的評價',2);																		
INSERT INTO REPORT_APPRAISE (REPORT_NO,REVIEW_NO,MEM_NO,EMP_NO,REPORT_DATE,REPORT_CON,REPLY_STS) VALUES	('RO0005','MR0028','MEM0030','EMP0009',TO_TIMESTAMP('04-JUN-20 07.20.30.874000000 PM','DD-MON-RR HH.MI.SSXFF AM'),'這個人自肥',2);																		
INSERT INTO REPORT_APPRAISE (REPORT_NO,REVIEW_NO,MEM_NO,EMP_NO,REPORT_DATE,REPORT_CON,REPLY_STS) VALUES	('RO0006','MR0035','MEM0001','EMP0010',TO_TIMESTAMP('21-JUN-20 09.44.10.229000000 AM','DD-MON-RR HH.MI.SSXFF AM'),'我不同意此則評價',1);																		
INSERT INTO REPORT_APPRAISE (REPORT_NO,REVIEW_NO,MEM_NO,EMP_NO,REPORT_DATE,REPORT_CON,REPLY_STS) VALUES	('RO0007','MR0043','MEM0047','EMP0006',TO_TIMESTAMP('08-AUG-20 08.13.47.888000000 PM','DD-MON-RR HH.MI.SSXFF AM'),'搜尋了結果根本沒這間餐廳啊',0);
--候位-----------------------------------------------------------------------------------------------------------------------
CREATE TABLE WAIT_SEAT (
    WAIT_SEAT_NO VARCHAR2(40) NOT NULL,
    MEM_NO VARCHAR2(40),
    N_MEM_NAME VARCHAR2(20),
    PHONE_M VARCHAR2(20)
);

INSERT INTO WAIT_SEAT (WAIT_SEAT_NO,MEM_NO,N_MEM_NAME,PHONE_M) VALUES ('WAIT_SEAT0001','MEM0001','NULL','0911123456');
INSERT INTO WAIT_SEAT (WAIT_SEAT_NO,MEM_NO,N_MEM_NAME,PHONE_M) VALUES ('WAIT_SEAT0002','MEM0002','NULL','0912345678');
INSERT INTO WAIT_SEAT (WAIT_SEAT_NO,MEM_NO,N_MEM_NAME,PHONE_M) VALUES ('WAIT_SEAT0005','MEM0003','NULL','0911456123');
--==============================================================================================================================
--PK、FK管理=====================================================================================================================
--==============================================================================================================================

--會員--------------------------------------------------------------------------------------------------------------------------
ALTER TABLE MEMBER_TABLE ADD CONSTRAINT MEMBER_TABLE_PK_MEM_NO PRIMARY KEY (MEM_NO);
--員工--------------------------------------------------------------------------------------------------------------------------
ALTER TABLE EMPLOYEE ADD CONSTRAINT EMPLOYEE_PK_EMP_NO PRIMARY KEY (EMP_NO);
--功能權限-----------------------------------------------------------------------------------------------------------------------
ALTER TABLE FUN_AUTH ADD CONSTRAINT FUN_AUTH_PK_FUN_NO PRIMARY KEY (FUN_NO);
----員工權限列表--------------------------------------------------------------------------------------------------------------------
ALTER TABLE EMP_AUTH ADD CONSTRAINT EMP_AUTH_FK_EMP_NO FOREIGN KEY (FUN_NO) REFERENCES FUN_AUTH (FUN_NO);
ALTER TABLE EMP_AUTH ADD CONSTRAINT EMP_AUTH_FK_FUN_NO FOREIGN KEY (EMP_NO) REFERENCES EMPLOYEE (EMP_NO);
ALTER TABLE EMP_AUTH ADD CONSTRAINT EMP_AUTH_PK_FUN_NO PRIMARY KEY (FUN_NO, EMP_NO);
--通訊訊息紀錄--------------------------------------------------------------------------------------------------------------------
ALTER TABLE MESSAGE_RECORD ADD CONSTRAINT MSG_RE_FK_MEM_NO FOREIGN KEY (MEM_NO) REFERENCES MEMBER_TABLE (MEM_NO);
ALTER TABLE MESSAGE_RECORD ADD CONSTRAINT MSG_RE_FK_EMP_NO FOREIGN KEY (EMP_NO) REFERENCES EMPLOYEE (EMP_NO);
ALTER TABLE MESSAGE_RECORD ADD CONSTRAINT MSG_PK_MSG_NO PRIMARY KEY (MSG_NO);
--廣告--------------------------------------------------------------------------------------------------------------------------
ALTER TABLE AD ADD CONSTRAINT AD_FK_EMP_NO FOREIGN KEY (EMP_NO) REFERENCES EMPLOYEE (EMP_NO);
ALTER TABLE AD ADD CONSTRAINT AD_PK_COM_NO PRIMARY KEY (AD_NO);
--通知設定-----------------------------------------------------------------------------------------------------------------------
ALTER TABLE INFORM_SET ADD CONSTRAINT INFORM_SET_FK_EMP_NO FOREIGN KEY (EMP_NO) REFERENCES EMPLOYEE (EMP_NO);
ALTER TABLE INFORM_SET ADD CONSTRAINT INFORM_SET_PK_IS_NO PRIMARY KEY (IS_NO);
--最新消息-----------------------------------------------------------------------------------------------------------------------
ALTER TABLE NEWS ADD CONSTRAINT MSG_FK_EMP_NO FOREIGN KEY (EMP_NO) REFERENCES EMPLOYEE (EMP_NO);
ALTER TABLE NEWS ADD CONSTRAINT NEWS_PK_NEW_NO PRIMARY KEY (NEWS_NO);
--桌位編輯物件--------------------------------------------------------------------------------------------------------------------
ALTER TABLE SEAT_OBJ ADD CONSTRAINT SEAT_OBJ_PK_TABLE_OBJ_NO PRIMARY KEY (SEAT_OBJ_NO);
--桌位--------------------------------------------------------------------------------------------------------------------------
ALTER TABLE SEAT ADD CONSTRAINT SEAT_FK_TB_OBJ_NO FOREIGN KEY (SEAT_OBJ_NO) REFERENCES SEAT_OBJ (SEAT_OBJ_NO);
ALTER TABLE SEAT ADD CONSTRAINT SEAT_PK_SEAT_NO PRIMARY KEY (SEAT_NO);
--時段--------------------------------------------------------------------------------------------------------------------------
ALTER TABLE TIME_PERI ADD CONSTRAINT TIME_PERI_PK_TIME_PERI_NO PRIMARY KEY (TIME_PERI_NO);
--店休日-------------------------------------------------------------------------------------------------------------------------
ALTER TABLE REST_DAY ADD CONSTRAINT REST_FK_EMP_NO FOREIGN KEY (EMP_NO) REFERENCES EMPLOYEE (EMP_NO);
ALTER TABLE REST_DAY ADD CONSTRAINT REST_FK_TIME_PERI_NO FOREIGN KEY (TIME_PERI_NO) REFERENCES TIME_PERI (TIME_PERI_NO);
ALTER TABLE REST_DAY ADD CONSTRAINT REST_DAY_PK PRIMARY KEY (REST_DAY_NO);
--訂餐訂單-----------------------------------------------------------------------------------------------------------------------
ALTER TABLE MEAL_ORDER ADD CONSTRAINT MEAL_OD_FK_EMP_NO FOREIGN KEY (EMP_NO) REFERENCES EMPLOYEE (EMP_NO);
ALTER TABLE MEAL_ORDER ADD CONSTRAINT MEAL_OD_PK_MEAL_OD_NO PRIMARY KEY (MEAL_ORDER_NO);
--餐點種類--------------------------------------------------------------------------------------------------------------------------
ALTER TABLE MEAL_CATEGORY ADD CONSTRAINT MEAL_CATEGORY_PK PRIMARY KEY (CAT_NO);
--套餐--------------------------------------------------------------------------------------------------------------------------
ALTER TABLE MEAL_SET ADD CONSTRAINT MEAL_SET_FK_CAT FOREIGN KEY (CAT_NO) REFERENCES MEAL_CATEGORY (CAT_NO);
ALTER TABLE MEAL_SET ADD CONSTRAINT MEAL_SET_PK_ML_SET_NO PRIMARY KEY (MEAL_SET_NO);
--套餐組成-----------------------------------------------------------------------------------------------------------------------
ALTER TABLE MEAL_SET_CONSIST ADD CONSTRAINT ML_SET_PK PRIMARY KEY (MEAL_SET_NO, MEAL_NO);
--餐點--------------------------------------------------------------------------------------------------------------------------
ALTER TABLE MEAL ADD CONSTRAINT MEAL_FK_CAT_NO FOREIGN KEY (CAT_NO) REFERENCES MEAL_CATEGORY (CAT_NO);
ALTER TABLE MEAL ADD CONSTRAINT MEAL_PK PRIMARY KEY (MEAL_NO);
--訂餐明細-----------------------------------------------------------------------------------------------------------------------
ALTER TABLE MEAL_ORDER_DETAIL ADD CONSTRAINT ML_OD_DT_FK_ML_NO FOREIGN KEY (MEAL_NO) REFERENCES MEAL (MEAL_NO);
ALTER TABLE MEAL_ORDER_DETAIL ADD CONSTRAINT ML_OD_DT_FK_ML_SET FOREIGN KEY (MEAL_SET_NO) REFERENCES MEAL_SET (MEAL_SET_NO);
ALTER TABLE MEAL_ORDER_DETAIL ADD CONSTRAINT ML_OD_DT_FK_ML_OD FOREIGN KEY (MEAL_ORDER_NO) REFERENCES MEAL_ORDER (MEAL_ORDER_NO);
ALTER TABLE MEAL_ORDER_DETAIL ADD CONSTRAINT ML_OD_DT_PK_ML_OD_DT_NO PRIMARY KEY (MEAL_ORDER_DETAIL_NO);
--食材---------------------------------------------------------------------------------------------------------------------------
ALTER TABLE FOOD ADD CONSTRAINT FOOD_PK PRIMARY KEY (FD_NO);
--餐點組成-----------------------------------------------------------------------------------------------------------------------
ALTER TABLE MEAL_PART ADD CONSTRAINT MEAL_PART_FK_ML_NO FOREIGN KEY (MEAL_NO) REFERENCES MEAL (MEAL_NO);
ALTER TABLE MEAL_PART ADD CONSTRAINT MEAL_PART_FK_FD_NO FOREIGN KEY (FD_NO) REFERENCES FOOD (FD_NO);
ALTER TABLE MEAL_PART ADD CONSTRAINT MEAL_PART_PK PRIMARY KEY (MEAL_NO, FD_NO);
--訂位訂單-----------------------------------------------------------------------------------------------------------------------
ALTER TABLE RES_ORDER ADD CONSTRAINT RES_OD_FK_MEAL_ORDER_NO FOREIGN KEY (MEAL_ORDER_NO) REFERENCES MEAL_ORDER (MEAL_ORDER_NO);
ALTER TABLE RES_ORDER ADD CONSTRAINT RES_OD_FK_MEM_NO FOREIGN KEY (MEM_NO) REFERENCES MEMBER_TABLE (MEM_NO);
ALTER TABLE RES_ORDER ADD CONSTRAINT RES_OD_FK_EMP_NO FOREIGN KEY (EMP_NO) REFERENCES EMPLOYEE (EMP_NO);
ALTER TABLE RES_ORDER ADD CONSTRAINT RES_OD_FK_TIME_PERI_NO FOREIGN KEY (TIME_PERI_NO) REFERENCES TIME_PERI (TIME_PERI_NO);
ALTER TABLE RES_ORDER ADD CONSTRAINT RES_OD_PK_RES_NO PRIMARY KEY (RES_NO);
--訂位明細-----------------------------------------------------------------------------------------------------------------------
ALTER TABLE RES_DETAIL ADD CONSTRAINT RES_DEL_FK_SEAT_NO FOREIGN KEY (SEAT_NO) REFERENCES SEAT (SEAT_NO);
ALTER TABLE RES_DETAIL ADD CONSTRAINT RES_DEL_FK_RES_NO FOREIGN KEY (RES_NO) REFERENCES RES_ORDER (RES_NO);
ALTER TABLE RES_DETAIL ADD CONSTRAINT RES_DEL_PK_RES_DE_NO PRIMARY KEY (RES_DE_NO);
--前台通知-----------------------------------------------------------------------------------------------------------------------
ALTER TABLE FRONT_INFORM ADD CONSTRAINT FRONT_INFO_FK_MEM_NO FOREIGN KEY (MEM_NO) REFERENCES MEMBER_TABLE (MEM_NO);
ALTER TABLE FRONT_INFORM ADD CONSTRAINT FRONT_INFO_FK_RES_NO FOREIGN KEY (RES_NO) REFERENCES RES_ORDER (RES_NO);
ALTER TABLE FRONT_INFORM ADD CONSTRAINT FRONT_INFO_PK_INFO_NO PRIMARY KEY (INFO_NO);
--紅利商品-----------------------------------------------------------------------------------------------------------------------
ALTER TABLE BONUS ADD CONSTRAINT BONUS_PK_BNS_NO PRIMARY KEY (BNS_NO);
--紅利商品訂單明細-----------------------------------------------------------------------------------------------------------------
ALTER TABLE BONUS_ORDER ADD CONSTRAINT BO_ORDER_FK_MEM_NO FOREIGN KEY (MEM_NO) REFERENCES MEMBER_TABLE (MEM_NO);
ALTER TABLE BONUS_ORDER ADD CONSTRAINT BO_PK_BNS_NO PRIMARY KEY (BO_NO);
--紅利商品訂單--------------------------------------------------------------------------------------------------------------------
ALTER TABLE BONUS_ORDER_DETAIL ADD CONSTRAINT BO_ORDER_DT_PK_BNS_NO PRIMARY KEY (BO_NO ,BNS_NO);
--會員評價-----------------------------------------------------------------------------------------------------------------------
ALTER TABLE MEMBER_REVIEW ADD CONSTRAINT MEM_REV_FK_ML_OD_NO FOREIGN KEY (MEAL_ORDER_NO) REFERENCES MEAL_ORDER (MEAL_ORDER_NO);
ALTER TABLE MEMBER_REVIEW ADD CONSTRAINT MEM_REV_PK_REV_NO PRIMARY KEY (REVIEW_NO);
--評價檢舉-----------------------------------------------------------------------------------------------------------------------
ALTER TABLE REPORT_APPRAISE ADD CONSTRAINT REPO_APR_FK_MEM_NO FOREIGN KEY (MEM_NO) REFERENCES MEMBER_TABLE (MEM_NO);
ALTER TABLE REPORT_APPRAISE ADD CONSTRAINT REPO_APR_FK_EMP_NO FOREIGN KEY (EMP_NO) REFERENCES EMPLOYEE (EMP_NO);
ALTER TABLE REPORT_APPRAISE ADD CONSTRAINT REPO_APR_FK_REV_NO FOREIGN KEY (REVIEW_NO) REFERENCES MEMBER_REVIEW (REVIEW_NO);
ALTER TABLE REPORT_APPRAISE ADD CONSTRAINT REPO_APR_PK_REPO_NO PRIMARY KEY (REPORT_NO);
--候位-----------------------------------------------------------------------------------------------------------------------
ALTER TABLE WAIT_SEAT ADD CONSTRAINT WAIT_SEAT_FK_MEM_NO FOREIGN KEY (MEM_NO) REFERENCES MEMBER_TABLE (MEM_NO);
ALTER TABLE WAIT_SEAT ADD CONSTRAINT WAIT_SEAT_PK_WAIT_SEAT_NO PRIMARY KEY (WAIT_SEAT_NO);
--==============================================================================================================================
--SEQUENCE管理===================================================================================================================
--==============================================================================================================================
CREATE SEQUENCE SEQ_MEM_NO
MINVALUE 1 MAXVALUE 9999999999999999999999999999
START WITH 51 INCREMENT BY 1 NOCACHE NOORDER NOCYCLE ;

CREATE SEQUENCE SEQ_EMP_NO
MINVALUE 1 MAXVALUE 9999999999999999999999999999
START WITH 11 INCREMENT BY 1 NOCACHE NOORDER NOCYCLE ;

CREATE SEQUENCE SEQ_FUN_NO
MINVALUE 1 MAXVALUE 9999999999999999999999999999
START WITH 26 INCREMENT BY 1 NOCACHE NOORDER NOCYCLE ;

CREATE SEQUENCE SEQ_SEAT_NO
MINVALUE 1 MAXVALUE 9999999999999999999999999999
START WITH 31 INCREMENT BY 1 NOCACHE NOORDER NOCYCLE ;

CREATE SEQUENCE SEQ_TIME_PERI_NO
MINVALUE 1 MAXVALUE 9999999999999999999999999999
START WITH 8 INCREMENT BY 1 NOCACHE NOORDER NOCYCLE ;

CREATE SEQUENCE SEQ_FD_NO
MINVALUE 1 MAXVALUE 9999999999999999999999999999
START WITH 20 INCREMENT BY 1 NOCACHE NOORDER NOCYCLE ;

CREATE SEQUENCE SEQ_RES_NO
MINVALUE 1 MAXVALUE 9999999999999999999999999999
START WITH 10 INCREMENT BY 1 NOCACHE NOORDER NOCYCLE ;

CREATE SEQUENCE SEQ_RES_DE_NO
MINVALUE 1 MAXVALUE 9999999999999999999999999999
START WITH 11 INCREMENT BY 1 NOCACHE NOORDER NOCYCLE ;

CREATE SEQUENCE SEQ_SEAT_OBJ_NO
MINVALUE 1 MAXVALUE 9999999999999999999999999999
START WITH 6 INCREMENT BY 1 NOCACHE NOORDER NOCYCLE ;

CREATE SEQUENCE SEQ_REST_DAY_NO
MINVALUE 1 MAXVALUE 9999999999999999999999999999
START WITH 10 INCREMENT BY 1 NOCACHE NOORDER NOCYCLE ;

CREATE SEQUENCE SEQ_INFO_NO  
MINVALUE 1 MAXVALUE 9999999999999999999999999999
START WITH 190 INCREMENT BY 1 NOCACHE NOORDER NOCYCLE ;

CREATE SEQUENCE SEQ_MSG_NO  
MINVALUE 1 MAXVALUE 9999999999999999999999999999
START WITH 53 INCREMENT BY 1 NOCACHE NOORDER NOCYCLE ;

CREATE SEQUENCE SEQ_IS_NO  
MINVALUE 1 MAXVALUE 9999999999999999999999999999
START WITH 20 INCREMENT BY 1 NOCACHE NOORDER NOCYCLE ;

CREATE SEQUENCE SEQ_NEWS_NO
MINVALUE 1 MAXVALUE 9999999999999999999999999999
START WITH 6 INCREMENT BY 1 NOCACHE NOORDER NOCYCLE ;

CREATE SEQUENCE SEQ_BNS_NO 
MINVALUE 1 MAXVALUE 9999999999999999999999999999
START WITH 21 INCREMENT BY 1 NOCACHE NOORDER NOCYCLE ;

CREATE SEQUENCE SEQ_REVIEW_NO
MINVALUE 1 MAXVALUE 9999999999999999999999999999
START WITH 46 INCREMENT BY 1 NOCACHE NOORDER NOCYCLE ;

CREATE SEQUENCE SEQ_REPORT_NO
MINVALUE 1 MAXVALUE 9999999999999999999999999999
START WITH 8 INCREMENT BY 1 NOCACHE NOORDER NOCYCLE ;

CREATE SEQUENCE SEQ_AD_NO
MINVALUE 1 MAXVALUE 9999999999999999999999999999
START WITH 6 INCREMENT BY 1 NOCACHE NOORDER NOCYCLE ;

CREATE SEQUENCE SEQ_CAT_NO
MINVALUE 1 MAXVALUE 9999999999999999999999999999
START WITH 60 INCREMENT BY 10 NOCACHE NOORDER NOCYCLE ;

CREATE SEQUENCE SEQ_MEAL_NO
MINVALUE 1 MAXVALUE 9999999999999999999999999999
START WITH 10 INCREMENT BY 1 NOCACHE NOORDER NOCYCLE ;

CREATE SEQUENCE SEQ_MEAL_SET_NO
MINVALUE 1 MAXVALUE 9999999999999999999999999999
START WITH 4 INCREMENT BY 1 NOCACHE NOORDER NOCYCLE ;

CREATE SEQUENCE SEQ_MEAL_ORDER_DETAIL_NO
MINVALUE 1 MAXVALUE 9999999999999999999999999999
START WITH 233 INCREMENT BY 1 NOCACHE NOORDER NOCYCLE ;

CREATE SEQUENCE SEQ_MEAL_ORDER_NO
MINVALUE 1 MAXVALUE 9999999999999999999999999999
START WITH 61 INCREMENT BY 1 NOCACHE NOORDER NOCYCLE ;

CREATE SEQUENCE SEQ_BO_NO
MINVALUE 1 MAXVALUE 9999999999999999999999999999
START WITH 6 INCREMENT BY 1 NOCACHE NOORDER NOCYCLE ;

CREATE SEQUENCE SEQ_WAIT_SEAT_NO
MINVALUE 1 MAXVALUE 9999999999999999999999999999
START WITH 6 INCREMENT BY 1 NOCACHE NOORDER NOCYCLE ;

COMMIT;